"序号","仓库名称","仓库编码","事业部商品编码","事业部商品名称","商家商品编码","商家商品标识","库存状态","商品等级编码","库存类型","总库存","可用库存","事业部编码","事业部名称","计量单位","款号","颜色","尺寸","季节","年份"
"1","杭州亚一公共平台仓1号库","110016902","EMG4418292689252","【吉尔伯特金奖】意大利原瓶进口起泡酒DOCG莫斯卡托香槟酒葡萄甜白 博西奥BOSIO气泡酒DOCG级 【整箱装】桃红*6","	","POP10050808747375	","良品","100","可用","0","0","EBU4418054743372","杭州舍岭网络科技有限公司","件","","【整箱装】桃红*6","","",""
"2","北京公共平台仓12号库","118067172","EMG4418292689252","【吉尔伯特金奖】意大利原瓶进口起泡酒DOCG莫斯卡托香槟酒葡萄甜白 博西奥BOSIO气泡酒DOCG级 【整箱装】桃红*6","	","POP10050808747375	","良品","100","可用","0","0","EBU4418054743372","杭州舍岭网络科技有限公司","件","","【整箱装】桃红*6","","",""
"3","成都亚一公共平台仓7号库","110021846","EMG4418292689252","【吉尔伯特金奖】意大利原瓶进口起泡酒DOCG莫斯卡托香槟酒葡萄甜白 博西奥BOSIO气泡酒DOCG级 【整箱装】桃红*6","	","POP10050808747375	","良品","100","可用","0","0","EBU4418054743372","杭州舍岭网络科技有限公司","件","","【整箱装】桃红*6","","",""
"4","沈阳商超B牛奶水饮仓2号库","110008173","EMG4418292689252","【吉尔伯特金奖】意大利原瓶进口起泡酒DOCG莫斯卡托香槟酒葡萄甜白 博西奥BOSIO气泡酒DOCG级 【整箱装】桃红*6","	","POP10050808747375	","良品","100","可用","0","0","EBU4418054743372","杭州舍岭网络科技有限公司","件","","【整箱装】桃红*6","","",""
"5","沈阳商超B牛奶水饮仓2号库","110008173","EMG4418292689252","【吉尔伯特金奖】意大利原瓶进口起泡酒DOCG莫斯卡托香槟酒葡萄甜白 博西奥BOSIO气泡酒DOCG级 【整箱装】桃红*6","	","POP10050808747375	","残品","200","可用","0","0","EBU4418054743372","杭州舍岭网络科技有限公司","件","","【整箱装】桃红*6","","",""
"6","深圳商超B牛奶水饮仓1号库","110021519","EMG4418292689252","【吉尔伯特金奖】意大利原瓶进口起泡酒DOCG莫斯卡托香槟酒葡萄甜白 博西奥BOSIO气泡酒DOCG级 【整箱装】桃红*6","	","POP10050808747375	","良品","100","可用","0","0","EBU4418054743372","杭州舍岭网络科技有限公司","件","","【整箱装】桃红*6","","",""
"7","武汉商超B牛奶水饮仓1号库","110005995","EMG4418292689252","【吉尔伯特金奖】意大利原瓶进口起泡酒DOCG莫斯卡托香槟酒葡萄甜白 博西奥BOSIO气泡酒DOCG级 【整箱装】桃红*6","	","POP10050808747375	","良品","100","可用","0","0","EBU4418054743372","杭州舍岭网络科技有限公司","件","","【整箱装】桃红*6","","",""
"8","西安商超B仓1号库","110009210","EMG4418292689252","【吉尔伯特金奖】意大利原瓶进口起泡酒DOCG莫斯卡托香槟酒葡萄甜白 博西奥BOSIO气泡酒DOCG级 【整箱装】桃红*6","	","POP10050808747375	","良品","100","可用","0","0","EBU4418054743372","杭州舍岭网络科技有限公司","件","","【整箱装】桃红*6","","",""
"9","成都亚一公共平台仓7号库","110021846","EMG4418289535583","【吉尔伯特金奖】意大利原瓶进口起泡酒DOCG莫斯卡托香槟酒葡萄甜白 博西奥BOSIO气泡酒DOCG级 【整箱装】甜白*6","	","POP10050808747374	","良品","100","可用","0","0","EBU4418054743372","杭州舍岭网络科技有限公司","件","","【整箱装】甜白*6","","",""
"10","北京公共平台仓12号库","118067172","EMG4418289535583","【吉尔伯特金奖】意大利原瓶进口起泡酒DOCG莫斯卡托香槟酒葡萄甜白 博西奥BOSIO气泡酒DOCG级 【整箱装】甜白*6","	","POP10050808747374	","良品","100","可用","0","0","EBU4418054743372","杭州舍岭网络科技有限公司","件","","【整箱装】甜白*6","","",""
"11","西安商超B仓1号库","110009210","EMG4418289535583","【吉尔伯特金奖】意大利原瓶进口起泡酒DOCG莫斯卡托香槟酒葡萄甜白 博西奥BOSIO气泡酒DOCG级 【整箱装】甜白*6","	","POP10050808747374	","良品","100","可用","0","0","EBU4418054743372","杭州舍岭网络科技有限公司","件","","【整箱装】甜白*6","","",""
"12","沈阳商超B牛奶水饮仓2号库","110008173","EMG4418289535583","【吉尔伯特金奖】意大利原瓶进口起泡酒DOCG莫斯卡托香槟酒葡萄甜白 博西奥BOSIO气泡酒DOCG级 【整箱装】甜白*6","	","POP10050808747374	","良品","100","可用","0","0","EBU4418054743372","杭州舍岭网络科技有限公司","件","","【整箱装】甜白*6","","",""
"13","武汉商超B牛奶水饮仓1号库","110005995","EMG4418289535583","【吉尔伯特金奖】意大利原瓶进口起泡酒DOCG莫斯卡托香槟酒葡萄甜白 博西奥BOSIO气泡酒DOCG级 【整箱装】甜白*6","	","POP10050808747374	","良品","100","可用","0","0","EBU4418054743372","杭州舍岭网络科技有限公司","件","","【整箱装】甜白*6","","",""
"14","杭州亚一公共平台仓1号库","110016902","EMG4418289535583","【吉尔伯特金奖】意大利原瓶进口起泡酒DOCG莫斯卡托香槟酒葡萄甜白 博西奥BOSIO气泡酒DOCG级 【整箱装】甜白*6","	","POP10050808747374	","良品","100","可用","0","0","EBU4418054743372","杭州舍岭网络科技有限公司","件","","【整箱装】甜白*6","","",""
"15","深圳商超B牛奶水饮仓1号库","110021519","EMG4418289535583","【吉尔伯特金奖】意大利原瓶进口起泡酒DOCG莫斯卡托香槟酒葡萄甜白 博西奥BOSIO气泡酒DOCG级 【整箱装】甜白*6","	","POP10050808747374	","良品","100","可用","0","0","EBU4418054743372","杭州舍岭网络科技有限公司","件","","【整箱装】甜白*6","","",""
"16","深圳商超B米面粮油仓1号库","110021511","EMG4418282367557","ceres澳洲原瓶原装进口无酒精葡萄酒甜型女士网红气泡酒无醇起泡酒伴手礼盒【自饮装有香槟杯】 【自饮装】无醇粉兔*2","	","POP10037106663757	","良品","100","可用","0","0","EBU4418054743372","杭州舍岭网络科技有限公司","件","","【自饮装】无醇粉兔*2","","",""
"17","杭州亚一公共平台仓1号库","110016902","EMG4418282367557","ceres澳洲原瓶原装进口无酒精葡萄酒甜型女士网红气泡酒无醇起泡酒伴手礼盒【自饮装有香槟杯】 【自饮装】无醇粉兔*2","	","POP10037106663757	","良品","100","可用","0","0","EBU4418054743372","杭州舍岭网络科技有限公司","件","","【自饮装】无醇粉兔*2","","",""
"18","深圳商超B牛奶水饮仓1号库","110021519","EMG4418282367557","ceres澳洲原瓶原装进口无酒精葡萄酒甜型女士网红气泡酒无醇起泡酒伴手礼盒【自饮装有香槟杯】 【自饮装】无醇粉兔*2","	","POP10037106663757	","良品","100","可用","0","0","EBU4418054743372","杭州舍岭网络科技有限公司","件","","【自饮装】无醇粉兔*2","","",""
"19","武汉商超B牛奶水饮仓1号库","110005995","EMG4418282367557","ceres澳洲原瓶原装进口无酒精葡萄酒甜型女士网红气泡酒无醇起泡酒伴手礼盒【自饮装有香槟杯】 【自饮装】无醇粉兔*2","	","POP10037106663757	","良品","100","可用","0","0","EBU4418054743372","杭州舍岭网络科技有限公司","件","","【自饮装】无醇粉兔*2","","",""
"20","沈阳商超B牛奶水饮仓2号库","110008173","EMG4418282367557","ceres澳洲原瓶原装进口无酒精葡萄酒甜型女士网红气泡酒无醇起泡酒伴手礼盒【自饮装有香槟杯】 【自饮装】无醇粉兔*2","	","POP10037106663757	","良品","100","可用","0","0","EBU4418054743372","杭州舍岭网络科技有限公司","件","","【自饮装】无醇粉兔*2","","",""
"21","西安商超B仓1号库","110009210","EMG4418282367557","ceres澳洲原瓶原装进口无酒精葡萄酒甜型女士网红气泡酒无醇起泡酒伴手礼盒【自饮装有香槟杯】 【自饮装】无醇粉兔*2","	","POP10037106663757	","良品","100","可用","0","0","EBU4418054743372","杭州舍岭网络科技有限公司","件","","【自饮装】无醇粉兔*2","","",""
"22","北京公共平台仓12号库","118067172","EMG4418282367557","ceres澳洲原瓶原装进口无酒精葡萄酒甜型女士网红气泡酒无醇起泡酒伴手礼盒【自饮装有香槟杯】 【自饮装】无醇粉兔*2","	","POP10037106663757	","良品","100","可用","0","0","EBU4418054743372","杭州舍岭网络科技有限公司","件","","【自饮装】无醇粉兔*2","","",""
"23","成都亚一公共平台仓7号库","110021846","EMG4418282367557","ceres澳洲原瓶原装进口无酒精葡萄酒甜型女士网红气泡酒无醇起泡酒伴手礼盒【自饮装有香槟杯】 【自饮装】无醇粉兔*2","	","POP10037106663757	","良品","100","可用","0","0","EBU4418054743372","杭州舍岭网络科技有限公司","件","","【自饮装】无醇粉兔*2","","",""
"24","沈阳商超B牛奶水饮仓2号库","110008173","EMG4418279176732","西班牙moscato莫斯卡托起泡酒女甜型白葡萄酒果酒香槟气泡酒年货礼盒装 【礼盒】洛齐甜白*1 洛齐甜红*1","	","POP10029510610738	","残品","200","可用","1","1","EBU4418054743372","杭州舍岭网络科技有限公司","件","","【礼盒】洛齐甜白*1 洛齐甜红*1","","",""
"25","成都亚一公共平台仓7号库","110021846","EMG4418279176732","西班牙moscato莫斯卡托起泡酒女甜型白葡萄酒果酒香槟气泡酒年货礼盒装 【礼盒】洛齐甜白*1 洛齐甜红*1","	","POP10029510610738	","良品","100","可用","0","0","EBU4418054743372","杭州舍岭网络科技有限公司","件","","【礼盒】洛齐甜白*1 洛齐甜红*1","","",""
"26","深圳商超B牛奶水饮仓1号库","110021519","EMG4418279176732","西班牙moscato莫斯卡托起泡酒女甜型白葡萄酒果酒香槟气泡酒年货礼盒装 【礼盒】洛齐甜白*1 洛齐甜红*1","	","POP10029510610738	","良品","100","可用","0","0","EBU4418054743372","杭州舍岭网络科技有限公司","件","","【礼盒】洛齐甜白*1 洛齐甜红*1","","",""
"27","杭州亚一公共平台仓1号库","110016902","EMG4418279176732","西班牙moscato莫斯卡托起泡酒女甜型白葡萄酒果酒香槟气泡酒年货礼盒装 【礼盒】洛齐甜白*1 洛齐甜红*1","	","POP10029510610738	","良品","100","可用","0","0","EBU4418054743372","杭州舍岭网络科技有限公司","件","","【礼盒】洛齐甜白*1 洛齐甜红*1","","",""
"28","西安商超B仓1号库","110009210","EMG4418279176732","西班牙moscato莫斯卡托起泡酒女甜型白葡萄酒果酒香槟气泡酒年货礼盒装 【礼盒】洛齐甜白*1 洛齐甜红*1","	","POP10029510610738	","良品","100","可用","0","0","EBU4418054743372","杭州舍岭网络科技有限公司","件","","【礼盒】洛齐甜白*1 洛齐甜红*1","","",""
"29","深圳商超B米面粮油仓1号库","110021511","EMG4418279176732","西班牙moscato莫斯卡托起泡酒女甜型白葡萄酒果酒香槟气泡酒年货礼盒装 【礼盒】洛齐甜白*1 洛齐甜红*1","	","POP10029510610738	","良品","100","可用","0","0","EBU4418054743372","杭州舍岭网络科技有限公司","件","","【礼盒】洛齐甜白*1 洛齐甜红*1","","",""
"30","北京公共平台仓12号库","118067172","EMG4418279176732","西班牙moscato莫斯卡托起泡酒女甜型白葡萄酒果酒香槟气泡酒年货礼盒装 【礼盒】洛齐甜白*1 洛齐甜红*1","	","POP10029510610738	","良品","100","可用","0","0","EBU4418054743372","杭州舍岭网络科技有限公司","件","","【礼盒】洛齐甜白*1 洛齐甜红*1","","",""
"31","沈阳商超B牛奶水饮仓2号库","110008173","EMG4418279176732","西班牙moscato莫斯卡托起泡酒女甜型白葡萄酒果酒香槟气泡酒年货礼盒装 【礼盒】洛齐甜白*1 洛齐甜红*1","	","POP10029510610738	","良品","100","可用","0","0","EBU4418054743372","杭州舍岭网络科技有限公司","件","","【礼盒】洛齐甜白*1 洛齐甜红*1","","",""
"32","深圳商超B牛奶水饮仓1号库","110021519","EMG4418279176732","西班牙moscato莫斯卡托起泡酒女甜型白葡萄酒果酒香槟气泡酒年货礼盒装 【礼盒】洛齐甜白*1 洛齐甜红*1","	","POP10029510610738	","良品","100","仓库锁定","0","0","EBU4418054743372","杭州舍岭网络科技有限公司","件","","【礼盒】洛齐甜白*1 洛齐甜红*1","","",""
"33","武汉商超B牛奶水饮仓1号库","110005995","EMG4418279176732","西班牙moscato莫斯卡托起泡酒女甜型白葡萄酒果酒香槟气泡酒年货礼盒装 【礼盒】洛齐甜白*1 洛齐甜红*1","	","POP10029510610738	","良品","100","可用","0","0","EBU4418054743372","杭州舍岭网络科技有限公司","件","","【礼盒】洛齐甜白*1 洛齐甜红*1","","",""
"34","北京公共平台仓12号库","118067172","EMG4418279176312","ceres澳洲原瓶原装进口无酒精葡萄酒甜型女士香槟网红气泡酒无醇起泡酒伴手礼盒 【礼盒装】无醇粉兔*1 无醇白兔*1","	","POP10037106663759	","良品","100","可用","24","24","EBU4418054743372","杭州舍岭网络科技有限公司","件","","【礼盒装】无醇粉兔*1 无醇白兔*1","","",""
"35","深圳综合KA仓1号库","110016833","EMG4418279176312","ceres澳洲原瓶原装进口无酒精葡萄酒甜型女士香槟网红气泡酒无醇起泡酒伴手礼盒 【礼盒装】无醇粉兔*1 无醇白兔*1","	","POP10037106663759	","良品","100","可用","0","0","EBU4418054743372","杭州舍岭网络科技有限公司","件","","【礼盒装】无醇粉兔*1 无醇白兔*1","","",""
"36","深圳综合KA仓2号库","118065678","EMG4418279176312","ceres澳洲原瓶原装进口无酒精葡萄酒甜型女士香槟网红气泡酒无醇起泡酒伴手礼盒 【礼盒装】无醇粉兔*1 无醇白兔*1","	","POP10037106663759	","良品","100","可用","24","24","EBU4418054743372","杭州舍岭网络科技有限公司","件","","【礼盒装】无醇粉兔*1 无醇白兔*1","","",""
"37","沈阳商超B牛奶水饮仓2号库","110008173","EMG4418279176312","ceres澳洲原瓶原装进口无酒精葡萄酒甜型女士香槟网红气泡酒无醇起泡酒伴手礼盒 【礼盒装】无醇粉兔*1 无醇白兔*1","	","POP10037106663759	","良品","100","可用","19","19","EBU4418054743372","杭州舍岭网络科技有限公司","件","","【礼盒装】无醇粉兔*1 无醇白兔*1","","",""
"38","杭州亚一公共平台仓1号库","110016902","EMG4418279176312","ceres澳洲原瓶原装进口无酒精葡萄酒甜型女士香槟网红气泡酒无醇起泡酒伴手礼盒 【礼盒装】无醇粉兔*1 无醇白兔*1","	","POP10037106663759	","良品","100","可用","22","16","EBU4418054743372","杭州舍岭网络科技有限公司","件","","【礼盒装】无醇粉兔*1 无醇白兔*1","","",""
"39","西安商超B仓1号库","110009210","EMG4418279176312","ceres澳洲原瓶原装进口无酒精葡萄酒甜型女士香槟网红气泡酒无醇起泡酒伴手礼盒 【礼盒装】无醇粉兔*1 无醇白兔*1","	","POP10037106663759	","残品","200","可用","0","0","EBU4418054743372","杭州舍岭网络科技有限公司","件","","【礼盒装】无醇粉兔*1 无醇白兔*1","","",""
"40","武汉商超B牛奶水饮仓1号库","110005995","EMG4418279176312","ceres澳洲原瓶原装进口无酒精葡萄酒甜型女士香槟网红气泡酒无醇起泡酒伴手礼盒 【礼盒装】无醇粉兔*1 无醇白兔*1","	","POP10037106663759	","良品","100","可用","20","20","EBU4418054743372","杭州舍岭网络科技有限公司","件","","【礼盒装】无醇粉兔*1 无醇白兔*1","","",""
"41","杭州亚一公共平台仓1号库","110016902","EMG4418279176312","ceres澳洲原瓶原装进口无酒精葡萄酒甜型女士香槟网红气泡酒无醇起泡酒伴手礼盒 【礼盒装】无醇粉兔*1 无醇白兔*1","	","POP10037106663759	","良品","100","仓库锁定","0","0","EBU4418054743372","杭州舍岭网络科技有限公司","件","","【礼盒装】无醇粉兔*1 无醇白兔*1","","",""
"42","深圳商超B米面粮油仓1号库","110021511","EMG4418279176312","ceres澳洲原瓶原装进口无酒精葡萄酒甜型女士香槟网红气泡酒无醇起泡酒伴手礼盒 【礼盒装】无醇粉兔*1 无醇白兔*1","	","POP10037106663759	","良品","100","可用","0","0","EBU4418054743372","杭州舍岭网络科技有限公司","件","","【礼盒装】无醇粉兔*1 无醇白兔*1","","",""
"43","深圳商超B牛奶水饮仓1号库","110021519","EMG4418279176312","ceres澳洲原瓶原装进口无酒精葡萄酒甜型女士香槟网红气泡酒无醇起泡酒伴手礼盒 【礼盒装】无醇粉兔*1 无醇白兔*1","	","POP10037106663759	","良品","100","可用","0","0","EBU4418054743372","杭州舍岭网络科技有限公司","件","","【礼盒装】无醇粉兔*1 无醇白兔*1","","",""
"44","西安商超B仓1号库","110009210","EMG4418279176312","ceres澳洲原瓶原装进口无酒精葡萄酒甜型女士香槟网红气泡酒无醇起泡酒伴手礼盒 【礼盒装】无醇粉兔*1 无醇白兔*1","	","POP10037106663759	","良品","100","可用","20","20","EBU4418054743372","杭州舍岭网络科技有限公司","件","","【礼盒装】无醇粉兔*1 无醇白兔*1","","",""
"45","成都亚一公共平台仓7号库","110021846","EMG4418279176312","ceres澳洲原瓶原装进口无酒精葡萄酒甜型女士香槟网红气泡酒无醇起泡酒伴手礼盒 【礼盒装】无醇粉兔*1 无醇白兔*1","	","POP10037106663759	","良品","100","可用","20","20","EBU4418054743372","杭州舍岭网络科技有限公司","件","","【礼盒装】无醇粉兔*1 无醇白兔*1","","",""
"46","杭州亚一公共平台仓3号库","110022102","EMG4418279175564","ceres澳洲原瓶原装进口无酒精葡萄酒甜型女士香槟网红气泡酒无醇起泡酒伴手礼盒 【自饮装】无醇粉兔*1 无醇白兔*1","	","POP10037106663756	","良品","100","可用","0","0","EBU4418054743372","杭州舍岭网络科技有限公司","件","","【自饮装】无醇粉兔*1 无醇白兔*1","","",""
"47","深圳商超B牛奶水饮仓1号库","110021519","EMG4418279175564","ceres澳洲原瓶原装进口无酒精葡萄酒甜型女士香槟网红气泡酒无醇起泡酒伴手礼盒 【自饮装】无醇粉兔*1 无醇白兔*1","	","POP10037106663756	","良品","100","可用","0","0","EBU4418054743372","杭州舍岭网络科技有限公司","件","","【自饮装】无醇粉兔*1 无醇白兔*1","","",""
"48","成都亚一公共平台仓7号库","110021846","EMG4418279175564","ceres澳洲原瓶原装进口无酒精葡萄酒甜型女士香槟网红气泡酒无醇起泡酒伴手礼盒 【自饮装】无醇粉兔*1 无醇白兔*1","	","POP10037106663756	","良品","100","可用","28","28","EBU4418054743372","杭州舍岭网络科技有限公司","件","","【自饮装】无醇粉兔*1 无醇白兔*1","","",""
"49","杭州亚一公共平台仓1号库","110016902","EMG4418279175564","ceres澳洲原瓶原装进口无酒精葡萄酒甜型女士香槟网红气泡酒无醇起泡酒伴手礼盒 【自饮装】无醇粉兔*1 无醇白兔*1","	","POP10037106663756	","良品","100","仓库锁定","0","0","EBU4418054743372","杭州舍岭网络科技有限公司","件","","【自饮装】无醇粉兔*1 无醇白兔*1","","",""
"50","杭州亚一公共平台仓1号库","110016902","EMG4418279175564","ceres澳洲原瓶原装进口无酒精葡萄酒甜型女士香槟网红气泡酒无醇起泡酒伴手礼盒 【自饮装】无醇粉兔*1 无醇白兔*1","	","POP10037106663756	","良品","100","可用","27","27","EBU4418054743372","杭州舍岭网络科技有限公司","件","","【自饮装】无醇粉兔*1 无醇白兔*1","","",""
"51","深圳商超B米面粮油仓1号库","110021511","EMG4418279175564","ceres澳洲原瓶原装进口无酒精葡萄酒甜型女士香槟网红气泡酒无醇起泡酒伴手礼盒 【自饮装】无醇粉兔*1 无醇白兔*1","	","POP10037106663756	","良品","100","可用","0","0","EBU4418054743372","杭州舍岭网络科技有限公司","件","","【自饮装】无醇粉兔*1 无醇白兔*1","","",""
"52","武汉商超B牛奶水饮仓1号库","110005995","EMG4418279175564","ceres澳洲原瓶原装进口无酒精葡萄酒甜型女士香槟网红气泡酒无醇起泡酒伴手礼盒 【自饮装】无醇粉兔*1 无醇白兔*1","	","POP10037106663756	","良品","100","可用","19","19","EBU4418054743372","杭州舍岭网络科技有限公司","件","","【自饮装】无醇粉兔*1 无醇白兔*1","","",""
"53","深圳综合KA仓1号库","110016833","EMG4418279175564","ceres澳洲原瓶原装进口无酒精葡萄酒甜型女士香槟网红气泡酒无醇起泡酒伴手礼盒 【自饮装】无醇粉兔*1 无醇白兔*1","	","POP10037106663756	","良品","100","可用","0","0","EBU4418054743372","杭州舍岭网络科技有限公司","件","","【自饮装】无醇粉兔*1 无醇白兔*1","","",""
"54","沈阳商超B牛奶水饮仓2号库","110008173","EMG4418279175564","ceres澳洲原瓶原装进口无酒精葡萄酒甜型女士香槟网红气泡酒无醇起泡酒伴手礼盒 【自饮装】无醇粉兔*1 无醇白兔*1","	","POP10037106663756	","良品","100","可用","25","25","EBU4418054743372","杭州舍岭网络科技有限公司","件","","【自饮装】无醇粉兔*1 无醇白兔*1","","",""
"55","沈阳商超B牛奶水饮仓2号库","110008173","EMG4418279175564","ceres澳洲原瓶原装进口无酒精葡萄酒甜型女士香槟网红气泡酒无醇起泡酒伴手礼盒 【自饮装】无醇粉兔*1 无醇白兔*1","	","POP10037106663756	","残品","200","可用","0","0","EBU4418054743372","杭州舍岭网络科技有限公司","件","","【自饮装】无醇粉兔*1 无醇白兔*1","","",""
"56","深圳综合KA仓2号库","118065678","EMG4418279175564","ceres澳洲原瓶原装进口无酒精葡萄酒甜型女士香槟网红气泡酒无醇起泡酒伴手礼盒 【自饮装】无醇粉兔*1 无醇白兔*1","	","POP10037106663756	","良品","100","可用","27","27","EBU4418054743372","杭州舍岭网络科技有限公司","件","","【自饮装】无醇粉兔*1 无醇白兔*1","","",""
"57","武汉商超B牛奶水饮仓1号库","110005995","EMG4418279175564","ceres澳洲原瓶原装进口无酒精葡萄酒甜型女士香槟网红气泡酒无醇起泡酒伴手礼盒 【自饮装】无醇粉兔*1 无醇白兔*1","	","POP10037106663756	","良品","100","仓库锁定","0","0","EBU4418054743372","杭州舍岭网络科技有限公司","件","","【自饮装】无醇粉兔*1 无醇白兔*1","","",""
"58","西安商超B仓1号库","110009210","EMG4418279175564","ceres澳洲原瓶原装进口无酒精葡萄酒甜型女士香槟网红气泡酒无醇起泡酒伴手礼盒 【自饮装】无醇粉兔*1 无醇白兔*1","	","POP10037106663756	","良品","100","可用","34","34","EBU4418054743372","杭州舍岭网络科技有限公司","件","","【自饮装】无醇粉兔*1 无醇白兔*1","","",""
"59","北京公共平台仓12号库","118067172","EMG4418279175564","ceres澳洲原瓶原装进口无酒精葡萄酒甜型女士香槟网红气泡酒无醇起泡酒伴手礼盒 【自饮装】无醇粉兔*1 无醇白兔*1","	","POP10037106663756	","残品","200","可用","0","0","EBU4418054743372","杭州舍岭网络科技有限公司","件","","【自饮装】无醇粉兔*1 无醇白兔*1","","",""
"60","北京公共平台仓12号库","118067172","EMG4418279175564","ceres澳洲原瓶原装进口无酒精葡萄酒甜型女士香槟网红气泡酒无醇起泡酒伴手礼盒 【自饮装】无醇粉兔*1 无醇白兔*1","	","POP10037106663756	","良品","100","可用","15","15","EBU4418054743372","杭州舍岭网络科技有限公司","件","","【自饮装】无醇粉兔*1 无醇白兔*1","","",""
"61","武汉商超B牛奶水饮仓1号库","110005995","EMG4418278603819","ceres澳洲原瓶原装进口无酒精葡萄酒甜型女士香槟网红气泡酒无醇起泡酒伴手礼盒 【自饮装】无醇白兔*2","	","POP10037106663755	","良品","100","临期锁定","0","0","EBU4418054743372","杭州舍岭网络科技有限公司","件","","【自饮装】无醇白兔*2","","",""
"62","深圳商超B牛奶水饮仓1号库","110021519","EMG4418278603819","ceres澳洲原瓶原装进口无酒精葡萄酒甜型女士香槟网红气泡酒无醇起泡酒伴手礼盒 【自饮装】无醇白兔*2","	","POP10037106663755	","良品","100","可用","0","0","EBU4418054743372","杭州舍岭网络科技有限公司","件","","【自饮装】无醇白兔*2","","",""
"63","深圳商超B米面粮油仓1号库","110021511","EMG4418278603819","ceres澳洲原瓶原装进口无酒精葡萄酒甜型女士香槟网红气泡酒无醇起泡酒伴手礼盒 【自饮装】无醇白兔*2","	","POP10037106663755	","良品","100","可用","0","0","EBU4418054743372","杭州舍岭网络科技有限公司","件","","【自饮装】无醇白兔*2","","",""
"64","杭州亚一公共平台仓1号库","110016902","EMG4418278603819","ceres澳洲原瓶原装进口无酒精葡萄酒甜型女士香槟网红气泡酒无醇起泡酒伴手礼盒 【自饮装】无醇白兔*2","	","POP10037106663755	","良品","100","可用","0","0","EBU4418054743372","杭州舍岭网络科技有限公司","件","","【自饮装】无醇白兔*2","","",""
"65","北京公共平台仓12号库","118067172","EMG4418278603819","ceres澳洲原瓶原装进口无酒精葡萄酒甜型女士香槟网红气泡酒无醇起泡酒伴手礼盒 【自饮装】无醇白兔*2","	","POP10037106663755	","良品","100","可用","0","0","EBU4418054743372","杭州舍岭网络科技有限公司","件","","【自饮装】无醇白兔*2","","",""
"66","武汉商超B牛奶水饮仓1号库","110005995","EMG4418278603819","ceres澳洲原瓶原装进口无酒精葡萄酒甜型女士香槟网红气泡酒无醇起泡酒伴手礼盒 【自饮装】无醇白兔*2","	","POP10037106663755	","良品","100","可用","0","0","EBU4418054743372","杭州舍岭网络科技有限公司","件","","【自饮装】无醇白兔*2","","",""
"67","西安商超B仓1号库","110009210","EMG4418278603819","ceres澳洲原瓶原装进口无酒精葡萄酒甜型女士香槟网红气泡酒无醇起泡酒伴手礼盒 【自饮装】无醇白兔*2","	","POP10037106663755	","良品","100","可用","0","0","EBU4418054743372","杭州舍岭网络科技有限公司","件","","【自饮装】无醇白兔*2","","",""
"68","沈阳商超B牛奶水饮仓2号库","110008173","EMG4418278603819","ceres澳洲原瓶原装进口无酒精葡萄酒甜型女士香槟网红气泡酒无醇起泡酒伴手礼盒 【自饮装】无醇白兔*2","	","POP10037106663755	","良品","100","可用","0","0","EBU4418054743372","杭州舍岭网络科技有限公司","件","","【自饮装】无醇白兔*2","","",""
"69","成都亚一公共平台仓7号库","110021846","EMG4418278603819","ceres澳洲原瓶原装进口无酒精葡萄酒甜型女士香槟网红气泡酒无醇起泡酒伴手礼盒 【自饮装】无醇白兔*2","	","POP10037106663755	","良品","100","可用","0","0","EBU4418054743372","杭州舍岭网络科技有限公司","件","","【自饮装】无醇白兔*2","","",""
"70","深圳商超B牛奶水饮仓1号库","110021519","EMG4418277485029","西班牙moscato莫斯卡托起泡酒女甜型白葡萄酒果酒香槟气泡酒年货礼盒装 【自饮】洛齐甜白*1 洛齐甜红*1","	","POP10029510610737	","良品","100","仓库锁定","0","0","EBU4418054743372","杭州舍岭网络科技有限公司","件","","【自饮】洛齐甜白*1 洛齐甜红*1","","",""
"71","深圳商超B牛奶水饮仓1号库","110021519","EMG4418277485029","西班牙moscato莫斯卡托起泡酒女甜型白葡萄酒果酒香槟气泡酒年货礼盒装 【自饮】洛齐甜白*1 洛齐甜红*1","	","POP10029510610737	","良品","100","可用","0","0","EBU4418054743372","杭州舍岭网络科技有限公司","件","","【自饮】洛齐甜白*1 洛齐甜红*1","","",""
"72","深圳商超B米面粮油仓1号库","110021511","EMG4418277485029","西班牙moscato莫斯卡托起泡酒女甜型白葡萄酒果酒香槟气泡酒年货礼盒装 【自饮】洛齐甜白*1 洛齐甜红*1","	","POP10029510610737	","良品","100","可用","2","2","EBU4418054743372","杭州舍岭网络科技有限公司","件","","【自饮】洛齐甜白*1 洛齐甜红*1","","",""
"73","西安商超B仓1号库","110009210","EMG4418277485029","西班牙moscato莫斯卡托起泡酒女甜型白葡萄酒果酒香槟气泡酒年货礼盒装 【自饮】洛齐甜白*1 洛齐甜红*1","	","POP10029510610737	","良品","100","可用","0","0","EBU4418054743372","杭州舍岭网络科技有限公司","件","","【自饮】洛齐甜白*1 洛齐甜红*1","","",""
"74","武汉商超B牛奶水饮仓1号库","110005995","EMG4418277485029","西班牙moscato莫斯卡托起泡酒女甜型白葡萄酒果酒香槟气泡酒年货礼盒装 【自饮】洛齐甜白*1 洛齐甜红*1","	","POP10029510610737	","良品","100","仓库锁定","0","0","EBU4418054743372","杭州舍岭网络科技有限公司","件","","【自饮】洛齐甜白*1 洛齐甜红*1","","",""
"75","北京公共平台仓12号库","118067172","EMG4418277485029","西班牙moscato莫斯卡托起泡酒女甜型白葡萄酒果酒香槟气泡酒年货礼盒装 【自饮】洛齐甜白*1 洛齐甜红*1","	","POP10029510610737	","良品","100","可用","0","0","EBU4418054743372","杭州舍岭网络科技有限公司","件","","【自饮】洛齐甜白*1 洛齐甜红*1","","",""
"76","武汉商超B牛奶水饮仓1号库","110005995","EMG4418277485029","西班牙moscato莫斯卡托起泡酒女甜型白葡萄酒果酒香槟气泡酒年货礼盒装 【自饮】洛齐甜白*1 洛齐甜红*1","	","POP10029510610737	","良品","100","可用","0","0","EBU4418054743372","杭州舍岭网络科技有限公司","件","","【自饮】洛齐甜白*1 洛齐甜红*1","","",""
"77","杭州亚一公共平台仓1号库","110016902","EMG4418277485029","西班牙moscato莫斯卡托起泡酒女甜型白葡萄酒果酒香槟气泡酒年货礼盒装 【自饮】洛齐甜白*1 洛齐甜红*1","	","POP10029510610737	","良品","100","可用","0","0","EBU4418054743372","杭州舍岭网络科技有限公司","件","","【自饮】洛齐甜白*1 洛齐甜红*1","","",""
"78","沈阳商超B牛奶水饮仓2号库","110008173","EMG4418277485029","西班牙moscato莫斯卡托起泡酒女甜型白葡萄酒果酒香槟气泡酒年货礼盒装 【自饮】洛齐甜白*1 洛齐甜红*1","	","POP10029510610737	","良品","100","可用","0","0","EBU4418054743372","杭州舍岭网络科技有限公司","件","","【自饮】洛齐甜白*1 洛齐甜红*1","","",""
"79","成都亚一公共平台仓7号库","110021846","EMG4418277485029","西班牙moscato莫斯卡托起泡酒女甜型白葡萄酒果酒香槟气泡酒年货礼盒装 【自饮】洛齐甜白*1 洛齐甜红*1","	","POP10029510610737	","良品","100","可用","0","0","EBU4418054743372","杭州舍岭网络科技有限公司","件","","【自饮】洛齐甜白*1 洛齐甜红*1","","",""
"80","北京公共平台仓12号库","118067172","EMG4418275122810","加拿大Pillitteri冰酒庄园原装进口VQA晚收冰白葡萄酒果酒甜冰红葡萄酒双支礼盒装年货伴手礼 【礼盒装】冰白冰红","	","POP10029546650208	","良品","100","可用","0","0","EBU4418054743372","杭州舍岭网络科技有限公司","件","","【礼盒装】冰白冰红","","",""
"81","杭州亚一公共平台仓1号库","110016902","EMG4418275122810","加拿大Pillitteri冰酒庄园原装进口VQA晚收冰白葡萄酒果酒甜冰红葡萄酒双支礼盒装年货伴手礼 【礼盒装】冰白冰红","	","POP10029546650208	","良品","100","可用","0","0","EBU4418054743372","杭州舍岭网络科技有限公司","件","","【礼盒装】冰白冰红","","",""
"82","成都亚一公共平台仓7号库","110021846","EMG4418275122810","加拿大Pillitteri冰酒庄园原装进口VQA晚收冰白葡萄酒果酒甜冰红葡萄酒双支礼盒装年货伴手礼 【礼盒装】冰白冰红","	","POP10029546650208	","良品","100","可用","0","0","EBU4418054743372","杭州舍岭网络科技有限公司","件","","【礼盒装】冰白冰红","","",""
"83","西安商超B仓1号库","110009210","EMG4418275122810","加拿大Pillitteri冰酒庄园原装进口VQA晚收冰白葡萄酒果酒甜冰红葡萄酒双支礼盒装年货伴手礼 【礼盒装】冰白冰红","	","POP10029546650208	","良品","100","可用","0","0","EBU4418054743372","杭州舍岭网络科技有限公司","件","","【礼盒装】冰白冰红","","",""
"84","深圳商超B牛奶水饮仓1号库","110021519","EMG4418275122810","加拿大Pillitteri冰酒庄园原装进口VQA晚收冰白葡萄酒果酒甜冰红葡萄酒双支礼盒装年货伴手礼 【礼盒装】冰白冰红","	","POP10029546650208	","良品","100","可用","0","0","EBU4418054743372","杭州舍岭网络科技有限公司","件","","【礼盒装】冰白冰红","","",""
"85","沈阳商超B牛奶水饮仓2号库","110008173","EMG4418275122810","加拿大Pillitteri冰酒庄园原装进口VQA晚收冰白葡萄酒果酒甜冰红葡萄酒双支礼盒装年货伴手礼 【礼盒装】冰白冰红","	","POP10029546650208	","良品","100","可用","0","0","EBU4418054743372","杭州舍岭网络科技有限公司","件","","【礼盒装】冰白冰红","","",""
"86","武汉商超B牛奶水饮仓1号库","110005995","EMG4418275122810","加拿大Pillitteri冰酒庄园原装进口VQA晚收冰白葡萄酒果酒甜冰红葡萄酒双支礼盒装年货伴手礼 【礼盒装】冰白冰红","	","POP10029546650208	","良品","100","可用","0","0","EBU4418054743372","杭州舍岭网络科技有限公司","件","","【礼盒装】冰白冰红","","",""
"87","武汉商超B牛奶水饮仓1号库","110005995","EMG4418275122810","加拿大Pillitteri冰酒庄园原装进口VQA晚收冰白葡萄酒果酒甜冰红葡萄酒双支礼盒装年货伴手礼 【礼盒装】冰白冰红","	","POP10029546650208	","良品","100","仓库锁定","0","0","EBU4418054743372","杭州舍岭网络科技有限公司","件","","【礼盒装】冰白冰红","","",""
"88","深圳商超B米面粮油仓1号库","110021511","EMG4418275122810","加拿大Pillitteri冰酒庄园原装进口VQA晚收冰白葡萄酒果酒甜冰红葡萄酒双支礼盒装年货伴手礼 【礼盒装】冰白冰红","	","POP10029546650208	","良品","100","可用","5","5","EBU4418054743372","杭州舍岭网络科技有限公司","件","","【礼盒装】冰白冰红","","",""
"89","成都亚一公共平台仓7号库","110021846","EMG4418271315793","意大利BOSIO进口DOCG莫斯卡托甜白葡萄酒起泡酒moscato香槟气泡酒阿斯蒂小甜水 【自饮装】甜白*1 桃红*1","	","POP10042328291446	","良品","100","可用","18","18","EBU4418054743372","杭州舍岭网络科技有限公司","件","","【自饮装】甜白*1 桃红*1","","",""
"90","沈阳商超B牛奶水饮仓2号库","110008173","EMG4418271315793","意大利BOSIO进口DOCG莫斯卡托甜白葡萄酒起泡酒moscato香槟气泡酒阿斯蒂小甜水 【自饮装】甜白*1 桃红*1","	","POP10042328291446	","良品","100","仓库锁定","0","0","EBU4418054743372","杭州舍岭网络科技有限公司","件","","【自饮装】甜白*1 桃红*1","","",""
"91","西安商超B仓1号库","110009210","EMG4418271315793","意大利BOSIO进口DOCG莫斯卡托甜白葡萄酒起泡酒moscato香槟气泡酒阿斯蒂小甜水 【自饮装】甜白*1 桃红*1","	","POP10042328291446	","良品","100","仓库锁定","0","0","EBU4418054743372","杭州舍岭网络科技有限公司","件","","【自饮装】甜白*1 桃红*1","","",""
"92","北京公共平台仓12号库","118067172","EMG4418271315793","意大利BOSIO进口DOCG莫斯卡托甜白葡萄酒起泡酒moscato香槟气泡酒阿斯蒂小甜水 【自饮装】甜白*1 桃红*1","	","POP10042328291446	","残品","200","可用","1","1","EBU4418054743372","杭州舍岭网络科技有限公司","件","","【自饮装】甜白*1 桃红*1","","",""
"93","西安商超B仓1号库","110009210","EMG4418271315793","意大利BOSIO进口DOCG莫斯卡托甜白葡萄酒起泡酒moscato香槟气泡酒阿斯蒂小甜水 【自饮装】甜白*1 桃红*1","	","POP10042328291446	","良品","100","可用","21","21","EBU4418054743372","杭州舍岭网络科技有限公司","件","","【自饮装】甜白*1 桃红*1","","",""
"94","武汉商超B牛奶水饮仓1号库","110005995","EMG4418271315793","意大利BOSIO进口DOCG莫斯卡托甜白葡萄酒起泡酒moscato香槟气泡酒阿斯蒂小甜水 【自饮装】甜白*1 桃红*1","	","POP10042328291446	","良品","100","可用","22","22","EBU4418054743372","杭州舍岭网络科技有限公司","件","","【自饮装】甜白*1 桃红*1","","",""
"95","深圳综合KA仓2号库","118065678","EMG4418271315793","意大利BOSIO进口DOCG莫斯卡托甜白葡萄酒起泡酒moscato香槟气泡酒阿斯蒂小甜水 【自饮装】甜白*1 桃红*1","	","POP10042328291446	","良品","100","可用","31","31","EBU4418054743372","杭州舍岭网络科技有限公司","件","","【自饮装】甜白*1 桃红*1","","",""
"96","杭州亚一公共平台仓1号库","110016902","EMG4418271315793","意大利BOSIO进口DOCG莫斯卡托甜白葡萄酒起泡酒moscato香槟气泡酒阿斯蒂小甜水 【自饮装】甜白*1 桃红*1","	","POP10042328291446	","良品","100","仓库锁定","0","0","EBU4418054743372","杭州舍岭网络科技有限公司","件","","【自饮装】甜白*1 桃红*1","","",""
"97","深圳综合KA仓1号库","110016833","EMG4418271315793","意大利BOSIO进口DOCG莫斯卡托甜白葡萄酒起泡酒moscato香槟气泡酒阿斯蒂小甜水 【自饮装】甜白*1 桃红*1","	","POP10042328291446	","良品","100","可用","0","0","EBU4418054743372","杭州舍岭网络科技有限公司","件","","【自饮装】甜白*1 桃红*1","","",""
"98","北京公共平台仓12号库","118067172","EMG4418271315793","意大利BOSIO进口DOCG莫斯卡托甜白葡萄酒起泡酒moscato香槟气泡酒阿斯蒂小甜水 【自饮装】甜白*1 桃红*1","	","POP10042328291446	","良品","100","可用","21","21","EBU4418054743372","杭州舍岭网络科技有限公司","件","","【自饮装】甜白*1 桃红*1","","",""
"99","深圳商超B米面粮油仓1号库","110021511","EMG4418271315793","意大利BOSIO进口DOCG莫斯卡托甜白葡萄酒起泡酒moscato香槟气泡酒阿斯蒂小甜水 【自饮装】甜白*1 桃红*1","	","POP10042328291446	","良品","100","可用","0","0","EBU4418054743372","杭州舍岭网络科技有限公司","件","","【自饮装】甜白*1 桃红*1","","",""
"100","深圳商超B牛奶水饮仓1号库","110021519","EMG4418271315793","意大利BOSIO进口DOCG莫斯卡托甜白葡萄酒起泡酒moscato香槟气泡酒阿斯蒂小甜水 【自饮装】甜白*1 桃红*1","	","POP10042328291446	","良品","100","可用","0","0","EBU4418054743372","杭州舍岭网络科技有限公司","件","","【自饮装】甜白*1 桃红*1","","",""
"101","杭州亚一公共平台仓1号库","110016902","EMG4418271315793","意大利BOSIO进口DOCG莫斯卡托甜白葡萄酒起泡酒moscato香槟气泡酒阿斯蒂小甜水 【自饮装】甜白*1 桃红*1","	","POP10042328291446	","良品","100","可用","23","23","EBU4418054743372","杭州舍岭网络科技有限公司","件","","【自饮装】甜白*1 桃红*1","","",""
"102","沈阳商超B牛奶水饮仓2号库","110008173","EMG4418271315793","意大利BOSIO进口DOCG莫斯卡托甜白葡萄酒起泡酒moscato香槟气泡酒阿斯蒂小甜水 【自饮装】甜白*1 桃红*1","	","POP10042328291446	","良品","100","可用","21","21","EBU4418054743372","杭州舍岭网络科技有限公司","件","","【自饮装】甜白*1 桃红*1","","",""
"103","深圳商超B牛奶水饮仓1号库","110021519","EMG4418269711358","意大利BOSIO进口DOCG莫斯卡托甜白葡萄酒起泡酒moscato香槟气泡酒阿斯蒂小甜水 【礼盒装】甜白*1 桃红*1","	","POP10042328291447	","良品","100","可用","0","0","EBU4418054743372","杭州舍岭网络科技有限公司","件","","【礼盒装】甜白*1 桃红*1","","",""
"104","北京公共平台仓12号库","118067172","EMG4418269711358","意大利BOSIO进口DOCG莫斯卡托甜白葡萄酒起泡酒moscato香槟气泡酒阿斯蒂小甜水 【礼盒装】甜白*1 桃红*1","	","POP10042328291447	","良品","100","仓库锁定","0","0","EBU4418054743372","杭州舍岭网络科技有限公司","件","","【礼盒装】甜白*1 桃红*1","","",""
"105","沈阳商超B牛奶水饮仓2号库","110008173","EMG4418269711358","意大利BOSIO进口DOCG莫斯卡托甜白葡萄酒起泡酒moscato香槟气泡酒阿斯蒂小甜水 【礼盒装】甜白*1 桃红*1","	","POP10042328291447	","残品","200","可用","1","1","EBU4418054743372","杭州舍岭网络科技有限公司","件","","【礼盒装】甜白*1 桃红*1","","",""
"106","武汉商超B牛奶水饮仓1号库","110005995","EMG4418269711358","意大利BOSIO进口DOCG莫斯卡托甜白葡萄酒起泡酒moscato香槟气泡酒阿斯蒂小甜水 【礼盒装】甜白*1 桃红*1","	","POP10042328291447	","良品","100","可用","25","25","EBU4418054743372","杭州舍岭网络科技有限公司","件","","【礼盒装】甜白*1 桃红*1","","",""
"107","成都亚一公共平台仓7号库","110021846","EMG4418269711358","意大利BOSIO进口DOCG莫斯卡托甜白葡萄酒起泡酒moscato香槟气泡酒阿斯蒂小甜水 【礼盒装】甜白*1 桃红*1","	","POP10042328291447	","良品","100","可用","18","18","EBU4418054743372","杭州舍岭网络科技有限公司","件","","【礼盒装】甜白*1 桃红*1","","",""
"108","北京公共平台仓12号库","118067172","EMG4418269711358","意大利BOSIO进口DOCG莫斯卡托甜白葡萄酒起泡酒moscato香槟气泡酒阿斯蒂小甜水 【礼盒装】甜白*1 桃红*1","	","POP10042328291447	","良品","100","可用","25","25","EBU4418054743372","杭州舍岭网络科技有限公司","件","","【礼盒装】甜白*1 桃红*1","","",""
"109","北京公共平台仓12号库","118067172","EMG4418269711358","意大利BOSIO进口DOCG莫斯卡托甜白葡萄酒起泡酒moscato香槟气泡酒阿斯蒂小甜水 【礼盒装】甜白*1 桃红*1","	","POP10042328291447	","残品","200","可用","0","0","EBU4418054743372","杭州舍岭网络科技有限公司","件","","【礼盒装】甜白*1 桃红*1","","",""
"110","杭州亚一公共平台仓1号库","110016902","EMG4418269711358","意大利BOSIO进口DOCG莫斯卡托甜白葡萄酒起泡酒moscato香槟气泡酒阿斯蒂小甜水 【礼盒装】甜白*1 桃红*1","	","POP10042328291447	","良品","100","仓库锁定","0","0","EBU4418054743372","杭州舍岭网络科技有限公司","件","","【礼盒装】甜白*1 桃红*1","","",""
"111","沈阳商超B牛奶水饮仓2号库","110008173","EMG4418269711358","意大利BOSIO进口DOCG莫斯卡托甜白葡萄酒起泡酒moscato香槟气泡酒阿斯蒂小甜水 【礼盒装】甜白*1 桃红*1","	","POP10042328291447	","良品","100","可用","18","18","EBU4418054743372","杭州舍岭网络科技有限公司","件","","【礼盒装】甜白*1 桃红*1","","",""
"112","深圳综合KA仓2号库","118065678","EMG4418269711358","意大利BOSIO进口DOCG莫斯卡托甜白葡萄酒起泡酒moscato香槟气泡酒阿斯蒂小甜水 【礼盒装】甜白*1 桃红*1","	","POP10042328291447	","良品","100","可用","26","26","EBU4418054743372","杭州舍岭网络科技有限公司","件","","【礼盒装】甜白*1 桃红*1","","",""
"113","深圳商超B米面粮油仓1号库","110021511","EMG4418269711358","意大利BOSIO进口DOCG莫斯卡托甜白葡萄酒起泡酒moscato香槟气泡酒阿斯蒂小甜水 【礼盒装】甜白*1 桃红*1","	","POP10042328291447	","良品","100","可用","9","9","EBU4418054743372","杭州舍岭网络科技有限公司","件","","【礼盒装】甜白*1 桃红*1","","",""
"114","西安商超B仓1号库","110009210","EMG4418269711358","意大利BOSIO进口DOCG莫斯卡托甜白葡萄酒起泡酒moscato香槟气泡酒阿斯蒂小甜水 【礼盒装】甜白*1 桃红*1","	","POP10042328291447	","良品","100","可用","23","23","EBU4418054743372","杭州舍岭网络科技有限公司","件","","【礼盒装】甜白*1 桃红*1","","",""
"115","杭州亚一公共平台仓1号库","110016902","EMG4418269711358","意大利BOSIO进口DOCG莫斯卡托甜白葡萄酒起泡酒moscato香槟气泡酒阿斯蒂小甜水 【礼盒装】甜白*1 桃红*1","	","POP10042328291447	","良品","100","可用","23","23","EBU4418054743372","杭州舍岭网络科技有限公司","件","","【礼盒装】甜白*1 桃红*1","","",""
"116","成都亚一公共平台仓7号库","110021846","EMG4418267024295","加拿大Pillitteri冰酒庄园原装进口VQA晚收冰白葡萄酒果酒甜冰红葡萄酒双支礼盒装结婚伴手礼 【自饮套餐】冰白双支ICEWINE","	","POP10039343582365	","良品","100","可用","0","0","EBU4418054743372","杭州舍岭网络科技有限公司","件","","【自饮套餐】冰白双支ICEWINE","","",""
"117","沈阳商超B牛奶水饮仓2号库","110008173","EMG4418267024295","加拿大Pillitteri冰酒庄园原装进口VQA晚收冰白葡萄酒果酒甜冰红葡萄酒双支礼盒装结婚伴手礼 【自饮套餐】冰白双支ICEWINE","	","POP10039343582365	","良品","100","可用","1","1","EBU4418054743372","杭州舍岭网络科技有限公司","件","","【自饮套餐】冰白双支ICEWINE","","",""
"118","沈阳商超B牛奶水饮仓2号库","110008173","EMG4418267024295","加拿大Pillitteri冰酒庄园原装进口VQA晚收冰白葡萄酒果酒甜冰红葡萄酒双支礼盒装结婚伴手礼 【自饮套餐】冰白双支ICEWINE","	","POP10039343582365	","残品","200","可用","2","2","EBU4418054743372","杭州舍岭网络科技有限公司","件","","【自饮套餐】冰白双支ICEWINE","","",""
"119","深圳商超B米面粮油仓1号库","110021511","EMG4418267024295","加拿大Pillitteri冰酒庄园原装进口VQA晚收冰白葡萄酒果酒甜冰红葡萄酒双支礼盒装结婚伴手礼 【自饮套餐】冰白双支ICEWINE","	","POP10039343582365	","良品","100","可用","2","2","EBU4418054743372","杭州舍岭网络科技有限公司","件","","【自饮套餐】冰白双支ICEWINE","","",""
"120","杭州亚一公共平台仓1号库","110016902","EMG4418267024295","加拿大Pillitteri冰酒庄园原装进口VQA晚收冰白葡萄酒果酒甜冰红葡萄酒双支礼盒装结婚伴手礼 【自饮套餐】冰白双支ICEWINE","	","POP10039343582365	","良品","100","仓库锁定","0","0","EBU4418054743372","杭州舍岭网络科技有限公司","件","","【自饮套餐】冰白双支ICEWINE","","",""
"121","北京公共平台仓12号库","118067172","EMG4418267024295","加拿大Pillitteri冰酒庄园原装进口VQA晚收冰白葡萄酒果酒甜冰红葡萄酒双支礼盒装结婚伴手礼 【自饮套餐】冰白双支ICEWINE","	","POP10039343582365	","良品","100","可用","0","0","EBU4418054743372","杭州舍岭网络科技有限公司","件","","【自饮套餐】冰白双支ICEWINE","","",""
"122","杭州亚一公共平台仓1号库","110016902","EMG4418267024295","加拿大Pillitteri冰酒庄园原装进口VQA晚收冰白葡萄酒果酒甜冰红葡萄酒双支礼盒装结婚伴手礼 【自饮套餐】冰白双支ICEWINE","	","POP10039343582365	","良品","100","可用","0","0","EBU4418054743372","杭州舍岭网络科技有限公司","件","","【自饮套餐】冰白双支ICEWINE","","",""
"123","深圳商超B牛奶水饮仓1号库","110021519","EMG4418267024295","加拿大Pillitteri冰酒庄园原装进口VQA晚收冰白葡萄酒果酒甜冰红葡萄酒双支礼盒装结婚伴手礼 【自饮套餐】冰白双支ICEWINE","	","POP10039343582365	","良品","100","可用","0","0","EBU4418054743372","杭州舍岭网络科技有限公司","件","","【自饮套餐】冰白双支ICEWINE","","",""
"124","武汉商超B牛奶水饮仓1号库","110005995","EMG4418267024295","加拿大Pillitteri冰酒庄园原装进口VQA晚收冰白葡萄酒果酒甜冰红葡萄酒双支礼盒装结婚伴手礼 【自饮套餐】冰白双支ICEWINE","	","POP10039343582365	","良品","100","可用","0","0","EBU4418054743372","杭州舍岭网络科技有限公司","件","","【自饮套餐】冰白双支ICEWINE","","",""
"125","西安商超B仓1号库","110009210","EMG4418267024295","加拿大Pillitteri冰酒庄园原装进口VQA晚收冰白葡萄酒果酒甜冰红葡萄酒双支礼盒装结婚伴手礼 【自饮套餐】冰白双支ICEWINE","	","POP10039343582365	","良品","100","可用","0","0","EBU4418054743372","杭州舍岭网络科技有限公司","件","","【自饮套餐】冰白双支ICEWINE","","",""
"126","沈阳商超B牛奶水饮仓2号库","110008173","EMG4418267024295","加拿大Pillitteri冰酒庄园原装进口VQA晚收冰白葡萄酒果酒甜冰红葡萄酒双支礼盒装结婚伴手礼 【自饮套餐】冰白双支ICEWINE","	","POP10039343582365	","良品","100","仓库锁定","0","0","EBU4418054743372","杭州舍岭网络科技有限公司","件","","【自饮套餐】冰白双支ICEWINE","","",""
"127","成都亚一公共平台仓7号库","110021846","EMG4418266668988","西班牙moscato莫斯卡托起泡酒女甜型白葡萄酒果酒香槟气泡酒 【礼盒】甜白*2","	","POP10029510610733	","良品","100","可用","0","0","EBU4418054743372","杭州舍岭网络科技有限公司","件","","【礼盒】甜白*2","","",""
"128","北京公共平台仓12号库","118067172","EMG4418266668988","西班牙moscato莫斯卡托起泡酒女甜型白葡萄酒果酒香槟气泡酒 【礼盒】甜白*2","	","POP10029510610733	","良品","100","可用","0","0","EBU4418054743372","杭州舍岭网络科技有限公司","件","","【礼盒】甜白*2","","",""
"129","杭州亚一公共平台仓1号库","110016902","EMG4418266668988","西班牙moscato莫斯卡托起泡酒女甜型白葡萄酒果酒香槟气泡酒 【礼盒】甜白*2","	","POP10029510610733	","良品","100","可用","0","0","EBU4418054743372","杭州舍岭网络科技有限公司","件","","【礼盒】甜白*2","","",""
"130","武汉商超B牛奶水饮仓1号库","110005995","EMG4418266668988","西班牙moscato莫斯卡托起泡酒女甜型白葡萄酒果酒香槟气泡酒 【礼盒】甜白*2","	","POP10029510610733	","良品","100","可用","0","0","EBU4418054743372","杭州舍岭网络科技有限公司","件","","【礼盒】甜白*2","","",""
"131","深圳商超B牛奶水饮仓1号库","110021519","EMG4418266668988","西班牙moscato莫斯卡托起泡酒女甜型白葡萄酒果酒香槟气泡酒 【礼盒】甜白*2","	","POP10029510610733	","良品","100","可用","0","0","EBU4418054743372","杭州舍岭网络科技有限公司","件","","【礼盒】甜白*2","","",""
"132","西安商超B仓1号库","110009210","EMG4418266668988","西班牙moscato莫斯卡托起泡酒女甜型白葡萄酒果酒香槟气泡酒 【礼盒】甜白*2","	","POP10029510610733	","良品","100","可用","0","0","EBU4418054743372","杭州舍岭网络科技有限公司","件","","【礼盒】甜白*2","","",""
"133","沈阳商超B牛奶水饮仓2号库","110008173","EMG4418266668988","西班牙moscato莫斯卡托起泡酒女甜型白葡萄酒果酒香槟气泡酒 【礼盒】甜白*2","	","POP10029510610733	","良品","100","可用","0","0","EBU4418054743372","杭州舍岭网络科技有限公司","件","","【礼盒】甜白*2","","",""
"134","深圳商超B米面粮油仓1号库","110021511","EMG4418266668988","西班牙moscato莫斯卡托起泡酒女甜型白葡萄酒果酒香槟气泡酒 【礼盒】甜白*2","	","POP10029510610733	","良品","100","可用","0","0","EBU4418054743372","杭州舍岭网络科技有限公司","件","","【礼盒】甜白*2","","",""
"135","成都亚一公共平台仓7号库","110021846","EMG4418264976729","西班牙moscato莫斯卡托起泡酒女甜型白葡萄酒果酒香槟气泡酒 【自饮】甜白*2","	","POP10029510610732	","良品","100","可用","0","0","EBU4418054743372","杭州舍岭网络科技有限公司","件","","【自饮】甜白*2","","",""
"136","杭州亚一公共平台仓1号库","110016902","EMG4418264976729","西班牙moscato莫斯卡托起泡酒女甜型白葡萄酒果酒香槟气泡酒 【自饮】甜白*2","	","POP10029510610732	","良品","100","可用","0","0","EBU4418054743372","杭州舍岭网络科技有限公司","件","","【自饮】甜白*2","","",""
"137","深圳商超B牛奶水饮仓1号库","110021519","EMG4418264976729","西班牙moscato莫斯卡托起泡酒女甜型白葡萄酒果酒香槟气泡酒 【自饮】甜白*2","	","POP10029510610732	","良品","100","可用","0","0","EBU4418054743372","杭州舍岭网络科技有限公司","件","","【自饮】甜白*2","","",""
"138","深圳商超B米面粮油仓1号库","110021511","EMG4418264976729","西班牙moscato莫斯卡托起泡酒女甜型白葡萄酒果酒香槟气泡酒 【自饮】甜白*2","	","POP10029510610732	","良品","100","可用","0","0","EBU4418054743372","杭州舍岭网络科技有限公司","件","","【自饮】甜白*2","","",""
"139","沈阳商超B牛奶水饮仓2号库","110008173","EMG4418264976729","西班牙moscato莫斯卡托起泡酒女甜型白葡萄酒果酒香槟气泡酒 【自饮】甜白*2","	","POP10029510610732	","良品","100","可用","0","0","EBU4418054743372","杭州舍岭网络科技有限公司","件","","【自饮】甜白*2","","",""
"140","西安商超B仓1号库","110009210","EMG4418264976729","西班牙moscato莫斯卡托起泡酒女甜型白葡萄酒果酒香槟气泡酒 【自饮】甜白*2","	","POP10029510610732	","良品","100","可用","0","0","EBU4418054743372","杭州舍岭网络科技有限公司","件","","【自饮】甜白*2","","",""
"141","北京公共平台仓12号库","118067172","EMG4418264976729","西班牙moscato莫斯卡托起泡酒女甜型白葡萄酒果酒香槟气泡酒 【自饮】甜白*2","	","POP10029510610732	","良品","100","可用","0","0","EBU4418054743372","杭州舍岭网络科技有限公司","件","","【自饮】甜白*2","","",""
"142","武汉商超B牛奶水饮仓1号库","110005995","EMG4418264976729","西班牙moscato莫斯卡托起泡酒女甜型白葡萄酒果酒香槟气泡酒 【自饮】甜白*2","	","POP10029510610732	","良品","100","可用","0","0","EBU4418054743372","杭州舍岭网络科技有限公司","件","","【自饮】甜白*2","","",""
"143","北京公共平台仓12号库","118067172","EMG4418264917245","加拿大Pillitteri冰酒庄园原装进口VQA晚收冰白葡萄酒果酒甜冰红葡萄酒双支礼盒装结婚伴手礼 【礼盒套餐】冰白双支ICEWINE","	","POP10039343582366	","良品","100","可用","10","10","EBU4418054743372","杭州舍岭网络科技有限公司","件","","【礼盒套餐】冰白双支ICEWINE","","",""
"144","成都亚一公共平台仓7号库","110021846","EMG4418264917245","加拿大Pillitteri冰酒庄园原装进口VQA晚收冰白葡萄酒果酒甜冰红葡萄酒双支礼盒装结婚伴手礼 【礼盒套餐】冰白双支ICEWINE","	","POP10039343582366	","良品","100","可用","9","9","EBU4418054743372","杭州舍岭网络科技有限公司","件","","【礼盒套餐】冰白双支ICEWINE","","",""
"145","沈阳商超B牛奶水饮仓2号库","110008173","EMG4418264917245","加拿大Pillitteri冰酒庄园原装进口VQA晚收冰白葡萄酒果酒甜冰红葡萄酒双支礼盒装结婚伴手礼 【礼盒套餐】冰白双支ICEWINE","	","POP10039343582366	","良品","100","可用","13","13","EBU4418054743372","杭州舍岭网络科技有限公司","件","","【礼盒套餐】冰白双支ICEWINE","","",""
"146","武汉商超B牛奶水饮仓1号库","110005995","EMG4418264917245","加拿大Pillitteri冰酒庄园原装进口VQA晚收冰白葡萄酒果酒甜冰红葡萄酒双支礼盒装结婚伴手礼 【礼盒套餐】冰白双支ICEWINE","	","POP10039343582366	","良品","100","可用","8","8","EBU4418054743372","杭州舍岭网络科技有限公司","件","","【礼盒套餐】冰白双支ICEWINE","","",""
"147","西安商超B仓1号库","110009210","EMG4418264917245","加拿大Pillitteri冰酒庄园原装进口VQA晚收冰白葡萄酒果酒甜冰红葡萄酒双支礼盒装结婚伴手礼 【礼盒套餐】冰白双支ICEWINE","	","POP10039343582366	","良品","100","可用","8","8","EBU4418054743372","杭州舍岭网络科技有限公司","件","","【礼盒套餐】冰白双支ICEWINE","","",""
"148","成都亚一公共平台仓7号库","110021846","EMG4418264917245","加拿大Pillitteri冰酒庄园原装进口VQA晚收冰白葡萄酒果酒甜冰红葡萄酒双支礼盒装结婚伴手礼 【礼盒套餐】冰白双支ICEWINE","	","POP10039343582366	","良品","100","仓库锁定","0","0","EBU4418054743372","杭州舍岭网络科技有限公司","件","","【礼盒套餐】冰白双支ICEWINE","","",""
"149","深圳综合KA仓2号库","118065678","EMG4418264917245","加拿大Pillitteri冰酒庄园原装进口VQA晚收冰白葡萄酒果酒甜冰红葡萄酒双支礼盒装结婚伴手礼 【礼盒套餐】冰白双支ICEWINE","	","POP10039343582366	","良品","100","可用","10","10","EBU4418054743372","杭州舍岭网络科技有限公司","件","","【礼盒套餐】冰白双支ICEWINE","","",""
"150","深圳商超B牛奶水饮仓1号库","110021519","EMG4418264917245","加拿大Pillitteri冰酒庄园原装进口VQA晚收冰白葡萄酒果酒甜冰红葡萄酒双支礼盒装结婚伴手礼 【礼盒套餐】冰白双支ICEWINE","	","POP10039343582366	","良品","100","可用","0","0","EBU4418054743372","杭州舍岭网络科技有限公司","件","","【礼盒套餐】冰白双支ICEWINE","","",""
"151","深圳商超B米面粮油仓1号库","110021511","EMG4418264917245","加拿大Pillitteri冰酒庄园原装进口VQA晚收冰白葡萄酒果酒甜冰红葡萄酒双支礼盒装结婚伴手礼 【礼盒套餐】冰白双支ICEWINE","	","POP10039343582366	","残品","200","可用","0","0","EBU4418054743372","杭州舍岭网络科技有限公司","件","","【礼盒套餐】冰白双支ICEWINE","","",""
"152","深圳商超B米面粮油仓1号库","110021511","EMG4418264917245","加拿大Pillitteri冰酒庄园原装进口VQA晚收冰白葡萄酒果酒甜冰红葡萄酒双支礼盒装结婚伴手礼 【礼盒套餐】冰白双支ICEWINE","	","POP10039343582366	","良品","100","可用","0","0","EBU4418054743372","杭州舍岭网络科技有限公司","件","","【礼盒套餐】冰白双支ICEWINE","","",""
"153","杭州亚一公共平台仓1号库","110016902","EMG4418264917245","加拿大Pillitteri冰酒庄园原装进口VQA晚收冰白葡萄酒果酒甜冰红葡萄酒双支礼盒装结婚伴手礼 【礼盒套餐】冰白双支ICEWINE","	","POP10039343582366	","良品","100","可用","11","11","EBU4418054743372","杭州舍岭网络科技有限公司","件","","【礼盒套餐】冰白双支ICEWINE","","",""
"154","西安商超B仓1号库","110009210","EMG4418263424094","西班牙moscato莫斯卡托起泡酒女甜型白葡萄酒果酒香槟气泡酒 【整箱】甜红*6","	","POP10029510610736	","良品","100","可用","0","0","EBU4418054743372","杭州舍岭网络科技有限公司","件","","【整箱】甜红*6","","",""
"155","深圳商超B米面粮油仓1号库","110021511","EMG4418263424094","西班牙moscato莫斯卡托起泡酒女甜型白葡萄酒果酒香槟气泡酒 【整箱】甜红*6","	","POP10029510610736	","良品","100","可用","0","0","EBU4418054743372","杭州舍岭网络科技有限公司","件","","【整箱】甜红*6","","",""
"156","北京公共平台仓12号库","118067172","EMG4418263424094","西班牙moscato莫斯卡托起泡酒女甜型白葡萄酒果酒香槟气泡酒 【整箱】甜红*6","	","POP10029510610736	","良品","100","可用","0","0","EBU4418054743372","杭州舍岭网络科技有限公司","件","","【整箱】甜红*6","","",""
"157","武汉商超B牛奶水饮仓1号库","110005995","EMG4418263424094","西班牙moscato莫斯卡托起泡酒女甜型白葡萄酒果酒香槟气泡酒 【整箱】甜红*6","	","POP10029510610736	","良品","100","可用","0","0","EBU4418054743372","杭州舍岭网络科技有限公司","件","","【整箱】甜红*6","","",""
"158","深圳商超B牛奶水饮仓1号库","110021519","EMG4418263424094","西班牙moscato莫斯卡托起泡酒女甜型白葡萄酒果酒香槟气泡酒 【整箱】甜红*6","	","POP10029510610736	","良品","100","仓库锁定","0","0","EBU4418054743372","杭州舍岭网络科技有限公司","件","","【整箱】甜红*6","","",""
"159","杭州亚一公共平台仓1号库","110016902","EMG4418263424094","西班牙moscato莫斯卡托起泡酒女甜型白葡萄酒果酒香槟气泡酒 【整箱】甜红*6","	","POP10029510610736	","良品","100","可用","0","0","EBU4418054743372","杭州舍岭网络科技有限公司","件","","【整箱】甜红*6","","",""
"160","沈阳商超B牛奶水饮仓2号库","110008173","EMG4418263424094","西班牙moscato莫斯卡托起泡酒女甜型白葡萄酒果酒香槟气泡酒 【整箱】甜红*6","	","POP10029510610736	","良品","100","可用","0","0","EBU4418054743372","杭州舍岭网络科技有限公司","件","","【整箱】甜红*6","","",""
"161","成都亚一公共平台仓7号库","110021846","EMG4418263424094","西班牙moscato莫斯卡托起泡酒女甜型白葡萄酒果酒香槟气泡酒 【整箱】甜红*6","	","POP10029510610736	","良品","100","可用","0","0","EBU4418054743372","杭州舍岭网络科技有限公司","件","","【整箱】甜红*6","","",""
"162","深圳商超B牛奶水饮仓1号库","110021519","EMG4418263424094","西班牙moscato莫斯卡托起泡酒女甜型白葡萄酒果酒香槟气泡酒 【整箱】甜红*6","	","POP10029510610736	","良品","100","可用","0","0","EBU4418054743372","杭州舍岭网络科技有限公司","件","","【整箱】甜红*6","","",""
"163","武汉商超B牛奶水饮仓1号库","110005995","EMG4418263424070","西班牙moscato莫斯卡托起泡酒女甜型白葡萄酒果酒香槟气泡酒 【整箱】甜白*6","	","POP10029510610735	","良品","100","仓库锁定","0","0","EBU4418054743372","杭州舍岭网络科技有限公司","件","","【整箱】甜白*6","","",""
"164","杭州亚一公共平台仓1号库","110016902","EMG4418263424070","西班牙moscato莫斯卡托起泡酒女甜型白葡萄酒果酒香槟气泡酒 【整箱】甜白*6","	","POP10029510610735	","良品","100","可用","0","0","EBU4418054743372","杭州舍岭网络科技有限公司","件","","【整箱】甜白*6","","",""
"165","北京公共平台仓12号库","118067172","EMG4418263424070","西班牙moscato莫斯卡托起泡酒女甜型白葡萄酒果酒香槟气泡酒 【整箱】甜白*6","	","POP10029510610735	","良品","100","可用","0","0","EBU4418054743372","杭州舍岭网络科技有限公司","件","","【整箱】甜白*6","","",""
"166","深圳商超B牛奶水饮仓1号库","110021519","EMG4418263424070","西班牙moscato莫斯卡托起泡酒女甜型白葡萄酒果酒香槟气泡酒 【整箱】甜白*6","	","POP10029510610735	","良品","100","可用","0","0","EBU4418054743372","杭州舍岭网络科技有限公司","件","","【整箱】甜白*6","","",""
"167","成都亚一公共平台仓7号库","110021846","EMG4418263424070","西班牙moscato莫斯卡托起泡酒女甜型白葡萄酒果酒香槟气泡酒 【整箱】甜白*6","	","POP10029510610735	","良品","100","可用","0","0","EBU4418054743372","杭州舍岭网络科技有限公司","件","","【整箱】甜白*6","","",""
"168","西安商超B仓1号库","110009210","EMG4418263424070","西班牙moscato莫斯卡托起泡酒女甜型白葡萄酒果酒香槟气泡酒 【整箱】甜白*6","	","POP10029510610735	","良品","100","可用","0","0","EBU4418054743372","杭州舍岭网络科技有限公司","件","","【整箱】甜白*6","","",""
"169","北京公共平台仓12号库","118067172","EMG4418263424070","西班牙moscato莫斯卡托起泡酒女甜型白葡萄酒果酒香槟气泡酒 【整箱】甜白*6","	","POP10029510610735	","残品","200","可用","1","1","EBU4418054743372","杭州舍岭网络科技有限公司","件","","【整箱】甜白*6","","",""
"170","沈阳商超B牛奶水饮仓2号库","110008173","EMG4418263424070","西班牙moscato莫斯卡托起泡酒女甜型白葡萄酒果酒香槟气泡酒 【整箱】甜白*6","	","POP10029510610735	","良品","100","可用","0","0","EBU4418054743372","杭州舍岭网络科技有限公司","件","","【整箱】甜白*6","","",""
"171","武汉商超B牛奶水饮仓1号库","110005995","EMG4418263424070","西班牙moscato莫斯卡托起泡酒女甜型白葡萄酒果酒香槟气泡酒 【整箱】甜白*6","	","POP10029510610735	","良品","100","可用","0","0","EBU4418054743372","杭州舍岭网络科技有限公司","件","","【整箱】甜白*6","","",""
"172","深圳商超B米面粮油仓1号库","110021511","EMG4418263424070","西班牙moscato莫斯卡托起泡酒女甜型白葡萄酒果酒香槟气泡酒 【整箱】甜白*6","	","POP10029510610735	","良品","100","可用","0","0","EBU4418054743372","杭州舍岭网络科技有限公司","件","","【整箱】甜白*6","","",""
"173","深圳商超B米面粮油仓1号库","110021511","EMG4418263424062","西班牙moscato莫斯卡托起泡酒女甜型白葡萄酒果酒香槟气泡酒 【礼盒】甜白*1 甜红*1","	","POP10029510610734	","良品","100","可用","0","0","EBU4418054743372","杭州舍岭网络科技有限公司","件","","【礼盒】甜白*1 甜红*1","","",""
"174","武汉商超B牛奶水饮仓1号库","110005995","EMG4418263424062","西班牙moscato莫斯卡托起泡酒女甜型白葡萄酒果酒香槟气泡酒 【礼盒】甜白*1 甜红*1","	","POP10029510610734	","良品","100","可用","21","21","EBU4418054743372","杭州舍岭网络科技有限公司","件","","【礼盒】甜白*1 甜红*1","","",""
"175","深圳综合KA仓2号库","118065678","EMG4418263424062","西班牙moscato莫斯卡托起泡酒女甜型白葡萄酒果酒香槟气泡酒 【礼盒】甜白*1 甜红*1","	","POP10029510610734	","良品","100","可用","29","29","EBU4418054743372","杭州舍岭网络科技有限公司","件","","【礼盒】甜白*1 甜红*1","","",""
"176","沈阳商超B牛奶水饮仓2号库","110008173","EMG4418263424062","西班牙moscato莫斯卡托起泡酒女甜型白葡萄酒果酒香槟气泡酒 【礼盒】甜白*1 甜红*1","	","POP10029510610734	","良品","100","可用","18","18","EBU4418054743372","杭州舍岭网络科技有限公司","件","","【礼盒】甜白*1 甜红*1","","",""
"177","西安商超B仓1号库","110009210","EMG4418263424062","西班牙moscato莫斯卡托起泡酒女甜型白葡萄酒果酒香槟气泡酒 【礼盒】甜白*1 甜红*1","	","POP10029510610734	","良品","100","仓库锁定","0","0","EBU4418054743372","杭州舍岭网络科技有限公司","件","","【礼盒】甜白*1 甜红*1","","",""
"178","深圳商超B牛奶水饮仓1号库","110021519","EMG4418263424062","西班牙moscato莫斯卡托起泡酒女甜型白葡萄酒果酒香槟气泡酒 【礼盒】甜白*1 甜红*1","	","POP10029510610734	","良品","100","仓库锁定","0","0","EBU4418054743372","杭州舍岭网络科技有限公司","件","","【礼盒】甜白*1 甜红*1","","",""
"179","深圳商超B牛奶水饮仓1号库","110021519","EMG4418263424062","西班牙moscato莫斯卡托起泡酒女甜型白葡萄酒果酒香槟气泡酒 【礼盒】甜白*1 甜红*1","	","POP10029510610734	","良品","100","可用","0","0","EBU4418054743372","杭州舍岭网络科技有限公司","件","","【礼盒】甜白*1 甜红*1","","",""
"180","北京公共平台仓12号库","118067172","EMG4418263424062","西班牙moscato莫斯卡托起泡酒女甜型白葡萄酒果酒香槟气泡酒 【礼盒】甜白*1 甜红*1","	","POP10029510610734	","良品","100","可用","27","27","EBU4418054743372","杭州舍岭网络科技有限公司","件","","【礼盒】甜白*1 甜红*1","","",""
"181","杭州亚一公共平台仓1号库","110016902","EMG4418263424062","西班牙moscato莫斯卡托起泡酒女甜型白葡萄酒果酒香槟气泡酒 【礼盒】甜白*1 甜红*1","	","POP10029510610734	","良品","100","可用","30","30","EBU4418054743372","杭州舍岭网络科技有限公司","件","","【礼盒】甜白*1 甜红*1","","",""
"182","西安商超B仓1号库","110009210","EMG4418263424062","西班牙moscato莫斯卡托起泡酒女甜型白葡萄酒果酒香槟气泡酒 【礼盒】甜白*1 甜红*1","	","POP10029510610734	","残品","200","可用","0","0","EBU4418054743372","杭州舍岭网络科技有限公司","件","","【礼盒】甜白*1 甜红*1","","",""
"183","成都亚一公共平台仓7号库","110021846","EMG4418263424062","西班牙moscato莫斯卡托起泡酒女甜型白葡萄酒果酒香槟气泡酒 【礼盒】甜白*1 甜红*1","	","POP10029510610734	","良品","100","可用","19","19","EBU4418054743372","杭州舍岭网络科技有限公司","件","","【礼盒】甜白*1 甜红*1","","",""
"184","西安商超B仓1号库","110009210","EMG4418263424062","西班牙moscato莫斯卡托起泡酒女甜型白葡萄酒果酒香槟气泡酒 【礼盒】甜白*1 甜红*1","	","POP10029510610734	","良品","100","可用","17","17","EBU4418054743372","杭州舍岭网络科技有限公司","件","","【礼盒】甜白*1 甜红*1","","",""
"185","杭州亚一公共平台仓3号库","110022102","EMG4418254273209","西班牙moscato莫斯卡托起泡酒女甜型白葡萄酒果酒香槟气泡酒 甜红甜白起泡酒各1瓶","	","POP10029510610731	","良品","100","可用","0","0","EBU4418054743372","杭州舍岭网络科技有限公司","件","","甜红甜白起泡酒各1瓶","","",""
"186","沈阳商超B牛奶水饮仓2号库","110008173","EMG4418254273209","西班牙moscato莫斯卡托起泡酒女甜型白葡萄酒果酒香槟气泡酒 甜红甜白起泡酒各1瓶","	","POP10029510610731	","良品","100","仓库锁定","0","0","EBU4418054743372","杭州舍岭网络科技有限公司","件","","甜红甜白起泡酒各1瓶","","",""
"187","武汉商超B牛奶水饮仓1号库","110005995","EMG4418254273209","西班牙moscato莫斯卡托起泡酒女甜型白葡萄酒果酒香槟气泡酒 甜红甜白起泡酒各1瓶","	","POP10029510610731	","良品","100","可用","18","18","EBU4418054743372","杭州舍岭网络科技有限公司","件","","甜红甜白起泡酒各1瓶","","",""
"188","杭州亚一公共平台仓1号库","110016902","EMG4418254273209","西班牙moscato莫斯卡托起泡酒女甜型白葡萄酒果酒香槟气泡酒 甜红甜白起泡酒各1瓶","	","POP10029510610731	","残品","200","可用","0","0","EBU4418054743372","杭州舍岭网络科技有限公司","件","","甜红甜白起泡酒各1瓶","","",""
"189","西安商超B仓1号库","110009210","EMG4418254273209","西班牙moscato莫斯卡托起泡酒女甜型白葡萄酒果酒香槟气泡酒 甜红甜白起泡酒各1瓶","	","POP10029510610731	","良品","100","仓库锁定","0","0","EBU4418054743372","杭州舍岭网络科技有限公司","件","","甜红甜白起泡酒各1瓶","","",""
"190","沈阳商超B牛奶水饮仓2号库","110008173","EMG4418254273209","西班牙moscato莫斯卡托起泡酒女甜型白葡萄酒果酒香槟气泡酒 甜红甜白起泡酒各1瓶","	","POP10029510610731	","残品","200","可用","0","0","EBU4418054743372","杭州舍岭网络科技有限公司","件","","甜红甜白起泡酒各1瓶","","",""
"191","成都亚一公共平台仓7号库","110021846","EMG4418254273209","西班牙moscato莫斯卡托起泡酒女甜型白葡萄酒果酒香槟气泡酒 甜红甜白起泡酒各1瓶","	","POP10029510610731	","良品","100","可用","26","26","EBU4418054743372","杭州舍岭网络科技有限公司","件","","甜红甜白起泡酒各1瓶","","",""
"192","深圳商超B牛奶水饮仓1号库","110021519","EMG4418254273209","西班牙moscato莫斯卡托起泡酒女甜型白葡萄酒果酒香槟气泡酒 甜红甜白起泡酒各1瓶","	","POP10029510610731	","良品","100","可用","0","0","EBU4418054743372","杭州舍岭网络科技有限公司","件","","甜红甜白起泡酒各1瓶","","",""
"193","北京公共平台仓12号库","118067172","EMG4418254273209","西班牙moscato莫斯卡托起泡酒女甜型白葡萄酒果酒香槟气泡酒 甜红甜白起泡酒各1瓶","	","POP10029510610731	","良品","100","可用","28","28","EBU4418054743372","杭州舍岭网络科技有限公司","件","","甜红甜白起泡酒各1瓶","","",""
"194","沈阳商超B牛奶水饮仓2号库","110008173","EMG4418254273209","西班牙moscato莫斯卡托起泡酒女甜型白葡萄酒果酒香槟气泡酒 甜红甜白起泡酒各1瓶","	","POP10029510610731	","良品","100","可用","14","14","EBU4418054743372","杭州舍岭网络科技有限公司","件","","甜红甜白起泡酒各1瓶","","",""
"195","西安商超B仓1号库","110009210","EMG4418254273209","西班牙moscato莫斯卡托起泡酒女甜型白葡萄酒果酒香槟气泡酒 甜红甜白起泡酒各1瓶","	","POP10029510610731	","良品","100","可用","16","16","EBU4418054743372","杭州舍岭网络科技有限公司","件","","甜红甜白起泡酒各1瓶","","",""
"196","杭州亚一公共平台仓1号库","110016902","EMG4418254273209","西班牙moscato莫斯卡托起泡酒女甜型白葡萄酒果酒香槟气泡酒 甜红甜白起泡酒各1瓶","	","POP10029510610731	","良品","100","可用","23","22","EBU4418054743372","杭州舍岭网络科技有限公司","件","","甜红甜白起泡酒各1瓶","","",""
"197","深圳商超B米面粮油仓1号库","110021511","EMG4418254273209","西班牙moscato莫斯卡托起泡酒女甜型白葡萄酒果酒香槟气泡酒 甜红甜白起泡酒各1瓶","	","POP10029510610731	","良品","100","可用","0","0","EBU4418054743372","杭州舍岭网络科技有限公司","件","","甜红甜白起泡酒各1瓶","","",""
"198","深圳综合KA仓2号库","118065678","EMG4418254273209","西班牙moscato莫斯卡托起泡酒女甜型白葡萄酒果酒香槟气泡酒 甜红甜白起泡酒各1瓶","	","POP10029510610731	","良品","100","可用","33","33","EBU4418054743372","杭州舍岭网络科技有限公司","件","","甜红甜白起泡酒各1瓶","","",""
"199","深圳商超B米面粮油仓1号库","110021511","EMG4418248008508","意大利BOSIO进口DOCG莫斯卡托甜白葡萄酒起泡酒moscato香槟气泡酒阿斯蒂小甜水 【自饮套餐】阿斯蒂甜白*1","	","POP10032955939232	","残品","2001","可用","0","0","EBU4418054743372","杭州舍岭网络科技有限公司","件","","【自饮套餐】阿斯蒂甜白*1","","",""
"200","沈阳商超B牛奶水饮仓2号库","110008173","EMG4418248008508","意大利BOSIO进口DOCG莫斯卡托甜白葡萄酒起泡酒moscato香槟气泡酒阿斯蒂小甜水 【自饮套餐】阿斯蒂甜白*1","	","POP10032955939232	","残品","200","可用","1","1","EBU4418054743372","杭州舍岭网络科技有限公司","件","","【自饮套餐】阿斯蒂甜白*1","","",""
"201","沈阳商超B牛奶水饮仓2号库","110008173","EMG4418248008508","意大利BOSIO进口DOCG莫斯卡托甜白葡萄酒起泡酒moscato香槟气泡酒阿斯蒂小甜水 【自饮套餐】阿斯蒂甜白*1","	","POP10032955939232	","良品","100","可用","18","18","EBU4418054743372","杭州舍岭网络科技有限公司","件","","【自饮套餐】阿斯蒂甜白*1","","",""
"202","西安商超B仓1号库","110009210","EMG4418248008508","意大利BOSIO进口DOCG莫斯卡托甜白葡萄酒起泡酒moscato香槟气泡酒阿斯蒂小甜水 【自饮套餐】阿斯蒂甜白*1","	","POP10032955939232	","良品","100","可用","17","17","EBU4418054743372","杭州舍岭网络科技有限公司","件","","【自饮套餐】阿斯蒂甜白*1","","",""
"203","武汉商超B牛奶水饮仓1号库","110005995","EMG4418248008508","意大利BOSIO进口DOCG莫斯卡托甜白葡萄酒起泡酒moscato香槟气泡酒阿斯蒂小甜水 【自饮套餐】阿斯蒂甜白*1","	","POP10032955939232	","良品","100","可用","33","33","EBU4418054743372","杭州舍岭网络科技有限公司","件","","【自饮套餐】阿斯蒂甜白*1","","",""
"204","成都亚一公共平台仓7号库","110021846","EMG4418248008508","意大利BOSIO进口DOCG莫斯卡托甜白葡萄酒起泡酒moscato香槟气泡酒阿斯蒂小甜水 【自饮套餐】阿斯蒂甜白*1","	","POP10032955939232	","良品","100","可用","28","28","EBU4418054743372","杭州舍岭网络科技有限公司","件","","【自饮套餐】阿斯蒂甜白*1","","",""
"205","杭州亚一公共平台仓1号库","110016902","EMG4418248008508","意大利BOSIO进口DOCG莫斯卡托甜白葡萄酒起泡酒moscato香槟气泡酒阿斯蒂小甜水 【自饮套餐】阿斯蒂甜白*1","	","POP10032955939232	","良品","100","可用","7","7","EBU4418054743372","杭州舍岭网络科技有限公司","件","","【自饮套餐】阿斯蒂甜白*1","","",""
"206","武汉商超B牛奶水饮仓1号库","110005995","EMG4418248008508","意大利BOSIO进口DOCG莫斯卡托甜白葡萄酒起泡酒moscato香槟气泡酒阿斯蒂小甜水 【自饮套餐】阿斯蒂甜白*1","	","POP10032955939232	","良品","100","仓库锁定","0","0","EBU4418054743372","杭州舍岭网络科技有限公司","件","","【自饮套餐】阿斯蒂甜白*1","","",""
"207","深圳商超B米面粮油仓1号库","110021511","EMG4418248008508","意大利BOSIO进口DOCG莫斯卡托甜白葡萄酒起泡酒moscato香槟气泡酒阿斯蒂小甜水 【自饮套餐】阿斯蒂甜白*1","	","POP10032955939232	","良品","100","可用","0","0","EBU4418054743372","杭州舍岭网络科技有限公司","件","","【自饮套餐】阿斯蒂甜白*1","","",""
"208","沈阳商超B牛奶水饮仓2号库","110008173","EMG4418248008508","意大利BOSIO进口DOCG莫斯卡托甜白葡萄酒起泡酒moscato香槟气泡酒阿斯蒂小甜水 【自饮套餐】阿斯蒂甜白*1","	","POP10032955939232	","良品","100","仓库锁定","0","0","EBU4418054743372","杭州舍岭网络科技有限公司","件","","【自饮套餐】阿斯蒂甜白*1","","",""
"209","杭州亚一公共平台仓1号库","110016902","EMG4418248008508","意大利BOSIO进口DOCG莫斯卡托甜白葡萄酒起泡酒moscato香槟气泡酒阿斯蒂小甜水 【自饮套餐】阿斯蒂甜白*1","	","POP10032955939232	","残品","200","仓库锁定","0","0","EBU4418054743372","杭州舍岭网络科技有限公司","件","","【自饮套餐】阿斯蒂甜白*1","","",""
"210","北京公共平台仓12号库","118067172","EMG4418248008508","意大利BOSIO进口DOCG莫斯卡托甜白葡萄酒起泡酒moscato香槟气泡酒阿斯蒂小甜水 【自饮套餐】阿斯蒂甜白*1","	","POP10032955939232	","良品","100","可用","0","0","EBU4418054743372","杭州舍岭网络科技有限公司","件","","【自饮套餐】阿斯蒂甜白*1","","",""
"211","深圳商超B牛奶水饮仓1号库","110021519","EMG4418248008508","意大利BOSIO进口DOCG莫斯卡托甜白葡萄酒起泡酒moscato香槟气泡酒阿斯蒂小甜水 【自饮套餐】阿斯蒂甜白*1","	","POP10032955939232	","良品","100","可用","0","0","EBU4418054743372","杭州舍岭网络科技有限公司","件","","【自饮套餐】阿斯蒂甜白*1","","",""
"212","武汉商超B牛奶水饮仓1号库","110005995","EMG4418248008508","意大利BOSIO进口DOCG莫斯卡托甜白葡萄酒起泡酒moscato香槟气泡酒阿斯蒂小甜水 【自饮套餐】阿斯蒂甜白*1","	","POP10032955939232	","残品","200","可用","1","1","EBU4418054743372","杭州舍岭网络科技有限公司","件","","【自饮套餐】阿斯蒂甜白*1","","",""
"213","沈阳商超B牛奶水饮仓2号库","110008173","EMG4418248008508","意大利BOSIO进口DOCG莫斯卡托甜白葡萄酒起泡酒moscato香槟气泡酒阿斯蒂小甜水 【自饮套餐】阿斯蒂甜白*1","	","POP10032955939232	","脏品","400","可用","1","1","EBU4418054743372","杭州舍岭网络科技有限公司","件","","【自饮套餐】阿斯蒂甜白*1","","",""
"214","深圳综合KA仓2号库","118065678","EMG4418248008508","意大利BOSIO进口DOCG莫斯卡托甜白葡萄酒起泡酒moscato香槟气泡酒阿斯蒂小甜水 【自饮套餐】阿斯蒂甜白*1","	","POP10032955939232	","良品","100","可用","17","17","EBU4418054743372","杭州舍岭网络科技有限公司","件","","【自饮套餐】阿斯蒂甜白*1","","",""
"215","杭州亚一公共平台仓1号库","110016902","EMG4418248008508","意大利BOSIO进口DOCG莫斯卡托甜白葡萄酒起泡酒moscato香槟气泡酒阿斯蒂小甜水 【自饮套餐】阿斯蒂甜白*1","	","POP10032955939232	","良品","100","仓库锁定","0","0","EBU4418054743372","杭州舍岭网络科技有限公司","件","","【自饮套餐】阿斯蒂甜白*1","","",""
"216","杭州亚一公共平台仓1号库","110016902","EMG4418248008508","意大利BOSIO进口DOCG莫斯卡托甜白葡萄酒起泡酒moscato香槟气泡酒阿斯蒂小甜水 【自饮套餐】阿斯蒂甜白*1","	","POP10032955939232	","残品","200","可用","1","1","EBU4418054743372","杭州舍岭网络科技有限公司","件","","【自饮套餐】阿斯蒂甜白*1","","",""
"217","深圳商超B米面粮油仓1号库","110021511","EMG4418246332641","意大利BOSIO进口DOCG莫斯卡托甜白葡萄酒起泡酒moscato香槟气泡酒阿斯蒂小甜水 【自饮套餐】阿斯蒂甜白*2","	","POP10031634063350	","良品","100","可用","0","0","EBU4418054743372","杭州舍岭网络科技有限公司","件","","【自饮套餐】阿斯蒂甜白*2","","",""
"218","西安商超B仓1号库","110009210","EMG4418246332641","意大利BOSIO进口DOCG莫斯卡托甜白葡萄酒起泡酒moscato香槟气泡酒阿斯蒂小甜水 【自饮套餐】阿斯蒂甜白*2","	","POP10031634063350	","良品","100","仓库锁定","0","0","EBU4418054743372","杭州舍岭网络科技有限公司","件","","【自饮套餐】阿斯蒂甜白*2","","",""
"219","沈阳商超B牛奶水饮仓2号库","110008173","EMG4418246332641","意大利BOSIO进口DOCG莫斯卡托甜白葡萄酒起泡酒moscato香槟气泡酒阿斯蒂小甜水 【自饮套餐】阿斯蒂甜白*2","	","POP10031634063350	","良品","100","可用","4","4","EBU4418054743372","杭州舍岭网络科技有限公司","件","","【自饮套餐】阿斯蒂甜白*2","","",""
"220","武汉商超B牛奶水饮仓1号库","110005995","EMG4418246332641","意大利BOSIO进口DOCG莫斯卡托甜白葡萄酒起泡酒moscato香槟气泡酒阿斯蒂小甜水 【自饮套餐】阿斯蒂甜白*2","	","POP10031634063350	","良品","100","可用","0","0","EBU4418054743372","杭州舍岭网络科技有限公司","件","","【自饮套餐】阿斯蒂甜白*2","","",""
"221","深圳商超B牛奶水饮仓1号库","110021519","EMG4418246332641","意大利BOSIO进口DOCG莫斯卡托甜白葡萄酒起泡酒moscato香槟气泡酒阿斯蒂小甜水 【自饮套餐】阿斯蒂甜白*2","	","POP10031634063350	","良品","100","可用","0","0","EBU4418054743372","杭州舍岭网络科技有限公司","件","","【自饮套餐】阿斯蒂甜白*2","","",""
"222","沈阳商超B牛奶水饮仓2号库","110008173","EMG4418246332641","意大利BOSIO进口DOCG莫斯卡托甜白葡萄酒起泡酒moscato香槟气泡酒阿斯蒂小甜水 【自饮套餐】阿斯蒂甜白*2","	","POP10031634063350	","残品","200","可用","1","1","EBU4418054743372","杭州舍岭网络科技有限公司","件","","【自饮套餐】阿斯蒂甜白*2","","",""
"223","沈阳商超B牛奶水饮仓2号库","110008173","EMG4418246332641","意大利BOSIO进口DOCG莫斯卡托甜白葡萄酒起泡酒moscato香槟气泡酒阿斯蒂小甜水 【自饮套餐】阿斯蒂甜白*2","	","POP10031634063350	","良品","100","仓库锁定","0","0","EBU4418054743372","杭州舍岭网络科技有限公司","件","","【自饮套餐】阿斯蒂甜白*2","","",""
"224","北京公共平台仓12号库","118067172","EMG4418246332641","意大利BOSIO进口DOCG莫斯卡托甜白葡萄酒起泡酒moscato香槟气泡酒阿斯蒂小甜水 【自饮套餐】阿斯蒂甜白*2","	","POP10031634063350	","良品","100","可用","0","0","EBU4418054743372","杭州舍岭网络科技有限公司","件","","【自饮套餐】阿斯蒂甜白*2","","",""
"225","深圳商超B牛奶水饮仓1号库","110021519","EMG4418246332641","意大利BOSIO进口DOCG莫斯卡托甜白葡萄酒起泡酒moscato香槟气泡酒阿斯蒂小甜水 【自饮套餐】阿斯蒂甜白*2","	","POP10031634063350	","良品","100","仓库锁定","0","0","EBU4418054743372","杭州舍岭网络科技有限公司","件","","【自饮套餐】阿斯蒂甜白*2","","",""
"226","成都亚一公共平台仓7号库","110021846","EMG4418246332641","意大利BOSIO进口DOCG莫斯卡托甜白葡萄酒起泡酒moscato香槟气泡酒阿斯蒂小甜水 【自饮套餐】阿斯蒂甜白*2","	","POP10031634063350	","良品","100","可用","0","0","EBU4418054743372","杭州舍岭网络科技有限公司","件","","【自饮套餐】阿斯蒂甜白*2","","",""
"227","西安商超B仓1号库","110009210","EMG4418246332641","意大利BOSIO进口DOCG莫斯卡托甜白葡萄酒起泡酒moscato香槟气泡酒阿斯蒂小甜水 【自饮套餐】阿斯蒂甜白*2","	","POP10031634063350	","良品","100","可用","0","0","EBU4418054743372","杭州舍岭网络科技有限公司","件","","【自饮套餐】阿斯蒂甜白*2","","",""
"228","杭州亚一公共平台仓1号库","110016902","EMG4418246332641","意大利BOSIO进口DOCG莫斯卡托甜白葡萄酒起泡酒moscato香槟气泡酒阿斯蒂小甜水 【自饮套餐】阿斯蒂甜白*2","	","POP10031634063350	","良品","100","可用","0","0","EBU4418054743372","杭州舍岭网络科技有限公司","件","","【自饮套餐】阿斯蒂甜白*2","","",""
"229","西安商超B仓1号库","110009210","EMG4418246332641","意大利BOSIO进口DOCG莫斯卡托甜白葡萄酒起泡酒moscato香槟气泡酒阿斯蒂小甜水 【自饮套餐】阿斯蒂甜白*2","	","POP10031634063350	","残品","200","可用","0","0","EBU4418054743372","杭州舍岭网络科技有限公司","件","","【自饮套餐】阿斯蒂甜白*2","","",""
"230","杭州亚一公共平台仓1号库","110016902","EMG4418246332641","意大利BOSIO进口DOCG莫斯卡托甜白葡萄酒起泡酒moscato香槟气泡酒阿斯蒂小甜水 【自饮套餐】阿斯蒂甜白*2","	","POP10031634063350	","残品","200","可用","0","0","EBU4418054743372","杭州舍岭网络科技有限公司","件","","【自饮套餐】阿斯蒂甜白*2","","",""
"231","西安商超B仓1号库","110009210","EMG4418246332641","意大利BOSIO进口DOCG莫斯卡托甜白葡萄酒起泡酒moscato香槟气泡酒阿斯蒂小甜水 【自饮套餐】阿斯蒂甜白*2","	","POP10031634063350	","残品","200","仓库锁定","0","0","EBU4418054743372","杭州舍岭网络科技有限公司","件","","【自饮套餐】阿斯蒂甜白*2","","",""
"232","西安商超B仓1号库","110009210","EMG4418244779214","意大利BOSIO进口DOCG莫斯卡托甜白葡萄酒起泡酒moscato香槟气泡酒阿斯蒂小甜水 【礼盒套餐】阿斯蒂甜白*2","	","POP10035030463570	","良品","100","可用","0","0","EBU4418054743372","杭州舍岭网络科技有限公司","件","","【礼盒套餐】阿斯蒂甜白*2","","",""
"233","西安商超B仓1号库","110009210","EMG4418244779214","意大利BOSIO进口DOCG莫斯卡托甜白葡萄酒起泡酒moscato香槟气泡酒阿斯蒂小甜水 【礼盒套餐】阿斯蒂甜白*2","	","POP10035030463570	","良品","100","仓库锁定","0","0","EBU4418054743372","杭州舍岭网络科技有限公司","件","","【礼盒套餐】阿斯蒂甜白*2","","",""
"234","北京公共平台仓12号库","118067172","EMG4418244779214","意大利BOSIO进口DOCG莫斯卡托甜白葡萄酒起泡酒moscato香槟气泡酒阿斯蒂小甜水 【礼盒套餐】阿斯蒂甜白*2","	","POP10035030463570	","良品","100","可用","0","0","EBU4418054743372","杭州舍岭网络科技有限公司","件","","【礼盒套餐】阿斯蒂甜白*2","","",""
"235","武汉商超B牛奶水饮仓1号库","110005995","EMG4418244779214","意大利BOSIO进口DOCG莫斯卡托甜白葡萄酒起泡酒moscato香槟气泡酒阿斯蒂小甜水 【礼盒套餐】阿斯蒂甜白*2","	","POP10035030463570	","良品","100","可用","0","0","EBU4418054743372","杭州舍岭网络科技有限公司","件","","【礼盒套餐】阿斯蒂甜白*2","","",""
"236","深圳商超B米面粮油仓1号库","110021511","EMG4418244779214","意大利BOSIO进口DOCG莫斯卡托甜白葡萄酒起泡酒moscato香槟气泡酒阿斯蒂小甜水 【礼盒套餐】阿斯蒂甜白*2","	","POP10035030463570	","良品","100","可用","6","6","EBU4418054743372","杭州舍岭网络科技有限公司","件","","【礼盒套餐】阿斯蒂甜白*2","","",""
"237","深圳商超B牛奶水饮仓1号库","110021519","EMG4418244779214","意大利BOSIO进口DOCG莫斯卡托甜白葡萄酒起泡酒moscato香槟气泡酒阿斯蒂小甜水 【礼盒套餐】阿斯蒂甜白*2","	","POP10035030463570	","良品","100","可用","0","0","EBU4418054743372","杭州舍岭网络科技有限公司","件","","【礼盒套餐】阿斯蒂甜白*2","","",""
"238","深圳商超B牛奶水饮仓1号库","110021519","EMG4418244779214","意大利BOSIO进口DOCG莫斯卡托甜白葡萄酒起泡酒moscato香槟气泡酒阿斯蒂小甜水 【礼盒套餐】阿斯蒂甜白*2","	","POP10035030463570	","良品","100","仓库锁定","0","0","EBU4418054743372","杭州舍岭网络科技有限公司","件","","【礼盒套餐】阿斯蒂甜白*2","","",""
"239","杭州亚一公共平台仓1号库","110016902","EMG4418244779214","意大利BOSIO进口DOCG莫斯卡托甜白葡萄酒起泡酒moscato香槟气泡酒阿斯蒂小甜水 【礼盒套餐】阿斯蒂甜白*2","	","POP10035030463570	","良品","100","可用","0","0","EBU4418054743372","杭州舍岭网络科技有限公司","件","","【礼盒套餐】阿斯蒂甜白*2","","",""
"240","沈阳商超B牛奶水饮仓2号库","110008173","EMG4418244779214","意大利BOSIO进口DOCG莫斯卡托甜白葡萄酒起泡酒moscato香槟气泡酒阿斯蒂小甜水 【礼盒套餐】阿斯蒂甜白*2","	","POP10035030463570	","良品","100","可用","0","0","EBU4418054743372","杭州舍岭网络科技有限公司","件","","【礼盒套餐】阿斯蒂甜白*2","","",""
"241","成都亚一公共平台仓7号库","110021846","EMG4418244779214","意大利BOSIO进口DOCG莫斯卡托甜白葡萄酒起泡酒moscato香槟气泡酒阿斯蒂小甜水 【礼盒套餐】阿斯蒂甜白*2","	","POP10035030463570	","良品","100","可用","0","0","EBU4418054743372","杭州舍岭网络科技有限公司","件","","【礼盒套餐】阿斯蒂甜白*2","","",""
"242","西安商超B仓1号库","110009210","EMG4418212824504","加拿大Pillitteri冰酒庄园原装进口VQA晚收冰白葡萄酒果酒甜冰红葡萄酒双支送礼礼盒结婚伴手礼 【礼盒套餐】冰白冰红ICEWINE","	","POP10033490244400	","良品","100","可用","0","0","EBU4418054743372","杭州舍岭网络科技有限公司","件","","【礼盒套餐】冰白冰红ICEWINE","","",""
"243","北京百货B家居日用仓2号库","110021826","EMG4418212824504","加拿大Pillitteri冰酒庄园原装进口VQA晚收冰白葡萄酒果酒甜冰红葡萄酒双支送礼礼盒结婚伴手礼 【礼盒套餐】冰白冰红ICEWINE","	","POP10033490244400	","良品","100","可用","0","0","EBU4418054743372","杭州舍岭网络科技有限公司","件","","【礼盒套餐】冰白冰红ICEWINE","","",""
"244","武汉商超B牛奶水饮仓1号库","110005995","EMG4418212824504","加拿大Pillitteri冰酒庄园原装进口VQA晚收冰白葡萄酒果酒甜冰红葡萄酒双支送礼礼盒结婚伴手礼 【礼盒套餐】冰白冰红ICEWINE","	","POP10033490244400	","良品","100","可用","0","0","EBU4418054743372","杭州舍岭网络科技有限公司","件","","【礼盒套餐】冰白冰红ICEWINE","","",""
"245","杭州亚一公共平台仓1号库","110016902","EMG4418212824504","加拿大Pillitteri冰酒庄园原装进口VQA晚收冰白葡萄酒果酒甜冰红葡萄酒双支送礼礼盒结婚伴手礼 【礼盒套餐】冰白冰红ICEWINE","	","POP10033490244400	","良品","100","可用","0","0","EBU4418054743372","杭州舍岭网络科技有限公司","件","","【礼盒套餐】冰白冰红ICEWINE","","",""
"246","北京公共平台仓12号库","118067172","EMG4418212824504","加拿大Pillitteri冰酒庄园原装进口VQA晚收冰白葡萄酒果酒甜冰红葡萄酒双支送礼礼盒结婚伴手礼 【礼盒套餐】冰白冰红ICEWINE","	","POP10033490244400	","良品","100","可用","0","0","EBU4418054743372","杭州舍岭网络科技有限公司","件","","【礼盒套餐】冰白冰红ICEWINE","","",""
"247","沈阳商超B牛奶水饮仓2号库","110008173","EMG4418212824504","加拿大Pillitteri冰酒庄园原装进口VQA晚收冰白葡萄酒果酒甜冰红葡萄酒双支送礼礼盒结婚伴手礼 【礼盒套餐】冰白冰红ICEWINE","	","POP10033490244400	","良品","100","可用","0","0","EBU4418054743372","杭州舍岭网络科技有限公司","件","","【礼盒套餐】冰白冰红ICEWINE","","",""
"248","成都亚一公共平台仓7号库","110021846","EMG4418212824504","加拿大Pillitteri冰酒庄园原装进口VQA晚收冰白葡萄酒果酒甜冰红葡萄酒双支送礼礼盒结婚伴手礼 【礼盒套餐】冰白冰红ICEWINE","	","POP10033490244400	","良品","100","可用","0","0","EBU4418054743372","杭州舍岭网络科技有限公司","件","","【礼盒套餐】冰白冰红ICEWINE","","",""
"249","深圳商超B米面粮油仓1号库","110021511","EMG4418212824504","加拿大Pillitteri冰酒庄园原装进口VQA晚收冰白葡萄酒果酒甜冰红葡萄酒双支送礼礼盒结婚伴手礼 【礼盒套餐】冰白冰红ICEWINE","	","POP10033490244400	","良品","100","可用","0","0","EBU4418054743372","杭州舍岭网络科技有限公司","件","","【礼盒套餐】冰白冰红ICEWINE","","",""
"250","西安商超B仓1号库","110009210","EMG4418212723872","加拿大Pillitteri冰酒庄园原装进口VQA晚收冰白葡萄酒果酒甜冰红葡萄酒双支送礼礼盒结婚伴手礼 【自饮套餐】冰白冰红ICEWINE","	","POP10033485820795	","良品","100","可用","8","8","EBU4418054743372","杭州舍岭网络科技有限公司","件","","【自饮套餐】冰白冰红ICEWINE","","",""
"251","深圳商超B牛奶水饮仓1号库","110021519","EMG4418212723872","加拿大Pillitteri冰酒庄园原装进口VQA晚收冰白葡萄酒果酒甜冰红葡萄酒双支送礼礼盒结婚伴手礼 【自饮套餐】冰白冰红ICEWINE","	","POP10033485820795	","良品","100","可用","0","0","EBU4418054743372","杭州舍岭网络科技有限公司","件","","【自饮套餐】冰白冰红ICEWINE","","",""
"252","杭州亚一公共平台仓1号库","110016902","EMG4418212723872","加拿大Pillitteri冰酒庄园原装进口VQA晚收冰白葡萄酒果酒甜冰红葡萄酒双支送礼礼盒结婚伴手礼 【自饮套餐】冰白冰红ICEWINE","	","POP10033485820795	","良品","100","可用","10","10","EBU4418054743372","杭州舍岭网络科技有限公司","件","","【自饮套餐】冰白冰红ICEWINE","","",""
"253","成都亚一公共平台仓7号库","110021846","EMG4418212723872","加拿大Pillitteri冰酒庄园原装进口VQA晚收冰白葡萄酒果酒甜冰红葡萄酒双支送礼礼盒结婚伴手礼 【自饮套餐】冰白冰红ICEWINE","	","POP10033485820795	","良品","100","可用","8","8","EBU4418054743372","杭州舍岭网络科技有限公司","件","","【自饮套餐】冰白冰红ICEWINE","","",""
"254","深圳综合KA仓2号库","118065678","EMG4418212723872","加拿大Pillitteri冰酒庄园原装进口VQA晚收冰白葡萄酒果酒甜冰红葡萄酒双支送礼礼盒结婚伴手礼 【自饮套餐】冰白冰红ICEWINE","	","POP10033485820795	","良品","100","可用","9","9","EBU4418054743372","杭州舍岭网络科技有限公司","件","","【自饮套餐】冰白冰红ICEWINE","","",""
"255","武汉商超B牛奶水饮仓1号库","110005995","EMG4418212723872","加拿大Pillitteri冰酒庄园原装进口VQA晚收冰白葡萄酒果酒甜冰红葡萄酒双支送礼礼盒结婚伴手礼 【自饮套餐】冰白冰红ICEWINE","	","POP10033485820795	","良品","100","可用","8","8","EBU4418054743372","杭州舍岭网络科技有限公司","件","","【自饮套餐】冰白冰红ICEWINE","","",""
"256","北京公共平台仓12号库","118067172","EMG4418212723872","加拿大Pillitteri冰酒庄园原装进口VQA晚收冰白葡萄酒果酒甜冰红葡萄酒双支送礼礼盒结婚伴手礼 【自饮套餐】冰白冰红ICEWINE","	","POP10033485820795	","良品","100","可用","11","11","EBU4418054743372","杭州舍岭网络科技有限公司","件","","【自饮套餐】冰白冰红ICEWINE","","",""
"257","沈阳商超B牛奶水饮仓2号库","110008173","EMG4418212723872","加拿大Pillitteri冰酒庄园原装进口VQA晚收冰白葡萄酒果酒甜冰红葡萄酒双支送礼礼盒结婚伴手礼 【自饮套餐】冰白冰红ICEWINE","	","POP10033485820795	","良品","100","可用","9","9","EBU4418054743372","杭州舍岭网络科技有限公司","件","","【自饮套餐】冰白冰红ICEWINE","","",""
"258","杭州亚一公共平台仓1号库","110016902","EMG4418212723872","加拿大Pillitteri冰酒庄园原装进口VQA晚收冰白葡萄酒果酒甜冰红葡萄酒双支送礼礼盒结婚伴手礼 【自饮套餐】冰白冰红ICEWINE","	","POP10033485820795	","良品","100","仓库锁定","0","0","EBU4418054743372","杭州舍岭网络科技有限公司","件","","【自饮套餐】冰白冰红ICEWINE","","",""
"259","北京公共平台仓12号库","118067172","EMG4418212371132","加拿大Pillitteri冰酒庄园原装进口VQA晚收冰白葡萄酒果酒甜冰红葡萄酒双支送礼礼盒结婚伴手礼 【粉色礼盒】冰白双支","	","POP10029546650209	","良品","100","可用","0","0","EBU4418054743372","杭州舍岭网络科技有限公司","件","","【粉色礼盒】冰白双支 ","","",""
"260","武汉商超B牛奶水饮仓1号库","110005995","EMG4418212371132","加拿大Pillitteri冰酒庄园原装进口VQA晚收冰白葡萄酒果酒甜冰红葡萄酒双支送礼礼盒结婚伴手礼 【粉色礼盒】冰白双支","	","POP10029546650209	","良品","100","可用","0","0","EBU4418054743372","杭州舍岭网络科技有限公司","件","","【粉色礼盒】冰白双支 ","","",""
"261","杭州亚一公共平台仓1号库","110016902","EMG4418212371132","加拿大Pillitteri冰酒庄园原装进口VQA晚收冰白葡萄酒果酒甜冰红葡萄酒双支送礼礼盒结婚伴手礼 【粉色礼盒】冰白双支","	","POP10029546650209	","良品","100","可用","0","0","EBU4418054743372","杭州舍岭网络科技有限公司","件","","【粉色礼盒】冰白双支 ","","",""
"262","成都亚一公共平台仓7号库","110021846","EMG4418212371132","加拿大Pillitteri冰酒庄园原装进口VQA晚收冰白葡萄酒果酒甜冰红葡萄酒双支送礼礼盒结婚伴手礼 【粉色礼盒】冰白双支","	","POP10029546650209	","良品","100","可用","0","0","EBU4418054743372","杭州舍岭网络科技有限公司","件","","【粉色礼盒】冰白双支 ","","",""
"263","北京百货B家居日用仓2号库","110021826","EMG4418212371132","加拿大Pillitteri冰酒庄园原装进口VQA晚收冰白葡萄酒果酒甜冰红葡萄酒双支送礼礼盒结婚伴手礼 【粉色礼盒】冰白双支","	","POP10029546650209	","良品","100","可用","0","0","EBU4418054743372","杭州舍岭网络科技有限公司","件","","【粉色礼盒】冰白双支 ","","",""
"264","西安商超B仓1号库","110009210","EMG4418212371132","加拿大Pillitteri冰酒庄园原装进口VQA晚收冰白葡萄酒果酒甜冰红葡萄酒双支送礼礼盒结婚伴手礼 【粉色礼盒】冰白双支","	","POP10029546650209	","良品","100","可用","0","0","EBU4418054743372","杭州舍岭网络科技有限公司","件","","【粉色礼盒】冰白双支 ","","",""
"265","深圳商超B米面粮油仓1号库","110021511","EMG4418212371132","加拿大Pillitteri冰酒庄园原装进口VQA晚收冰白葡萄酒果酒甜冰红葡萄酒双支送礼礼盒结婚伴手礼 【粉色礼盒】冰白双支","	","POP10029546650209	","良品","100","可用","0","0","EBU4418054743372","杭州舍岭网络科技有限公司","件","","【粉色礼盒】冰白双支 ","","",""
"266","沈阳商超B牛奶水饮仓2号库","110008173","EMG4418212371132","加拿大Pillitteri冰酒庄园原装进口VQA晚收冰白葡萄酒果酒甜冰红葡萄酒双支送礼礼盒结婚伴手礼 【粉色礼盒】冰白双支","	","POP10029546650209	","残品","200","可用","1","1","EBU4418054743372","杭州舍岭网络科技有限公司","件","","【粉色礼盒】冰白双支 ","","",""
"267","沈阳商超B牛奶水饮仓2号库","110008173","EMG4418212371132","加拿大Pillitteri冰酒庄园原装进口VQA晚收冰白葡萄酒果酒甜冰红葡萄酒双支送礼礼盒结婚伴手礼 【粉色礼盒】冰白双支","	","POP10029546650209	","良品","100","可用","0","0","EBU4418054743372","杭州舍岭网络科技有限公司","件","","【粉色礼盒】冰白双支 ","","",""
"268","沈阳商超B牛奶水饮仓2号库","110008173","EMG4418212367632","加拿大Pillitteri冰酒庄园原装进口VQA晚收冰白葡萄酒果酒甜冰红葡萄酒双支送礼礼盒结婚伴手礼 【白色礼盒】冰白双支","	","POP10029546650207	","良品","100","可用","27","27","EBU4418054743372","杭州舍岭网络科技有限公司","件","","【白色礼盒】冰白双支","","",""
"269","成都亚一公共平台仓7号库","110021846","EMG4418212367632","加拿大Pillitteri冰酒庄园原装进口VQA晚收冰白葡萄酒果酒甜冰红葡萄酒双支送礼礼盒结婚伴手礼 【白色礼盒】冰白双支","	","POP10029546650207	","良品","100","可用","25","25","EBU4418054743372","杭州舍岭网络科技有限公司","件","","【白色礼盒】冰白双支","","",""
"270","深圳综合KA仓2号库","118065678","EMG4418212367632","加拿大Pillitteri冰酒庄园原装进口VQA晚收冰白葡萄酒果酒甜冰红葡萄酒双支送礼礼盒结婚伴手礼 【白色礼盒】冰白双支","	","POP10029546650207	","良品","100","可用","18","18","EBU4418054743372","杭州舍岭网络科技有限公司","件","","【白色礼盒】冰白双支","","",""
"271","深圳商超B牛奶水饮仓1号库","110021519","EMG4418212367632","加拿大Pillitteri冰酒庄园原装进口VQA晚收冰白葡萄酒果酒甜冰红葡萄酒双支送礼礼盒结婚伴手礼 【白色礼盒】冰白双支","	","POP10029546650207	","良品","100","可用","0","0","EBU4418054743372","杭州舍岭网络科技有限公司","件","","【白色礼盒】冰白双支","","",""
"272","杭州亚一公共平台仓1号库","110016902","EMG4418212367632","加拿大Pillitteri冰酒庄园原装进口VQA晚收冰白葡萄酒果酒甜冰红葡萄酒双支送礼礼盒结婚伴手礼 【白色礼盒】冰白双支","	","POP10029546650207	","良品","100","仓库锁定","0","0","EBU4418054743372","杭州舍岭网络科技有限公司","件","","【白色礼盒】冰白双支","","",""
"273","沈阳商超B牛奶水饮仓2号库","110008173","EMG4418212367632","加拿大Pillitteri冰酒庄园原装进口VQA晚收冰白葡萄酒果酒甜冰红葡萄酒双支送礼礼盒结婚伴手礼 【白色礼盒】冰白双支","	","POP10029546650207	","残品","200","可用","1","1","EBU4418054743372","杭州舍岭网络科技有限公司","件","","【白色礼盒】冰白双支","","",""
"274","西安商超B仓1号库","110009210","EMG4418212367632","加拿大Pillitteri冰酒庄园原装进口VQA晚收冰白葡萄酒果酒甜冰红葡萄酒双支送礼礼盒结婚伴手礼 【白色礼盒】冰白双支","	","POP10029546650207	","良品","100","可用","29","29","EBU4418054743372","杭州舍岭网络科技有限公司","件","","【白色礼盒】冰白双支","","",""
"275","北京百货B家居日用仓2号库","110021826","EMG4418212367632","加拿大Pillitteri冰酒庄园原装进口VQA晚收冰白葡萄酒果酒甜冰红葡萄酒双支送礼礼盒结婚伴手礼 【白色礼盒】冰白双支","	","POP10029546650207	","良品","100","可用","0","0","EBU4418054743372","杭州舍岭网络科技有限公司","件","","【白色礼盒】冰白双支","","",""
"276","武汉商超B牛奶水饮仓1号库","110005995","EMG4418212367632","加拿大Pillitteri冰酒庄园原装进口VQA晚收冰白葡萄酒果酒甜冰红葡萄酒双支送礼礼盒结婚伴手礼 【白色礼盒】冰白双支","	","POP10029546650207	","残品","200","可用","0","0","EBU4418054743372","杭州舍岭网络科技有限公司","件","","【白色礼盒】冰白双支","","",""
"277","杭州亚一公共平台仓1号库","110016902","EMG4418212367632","加拿大Pillitteri冰酒庄园原装进口VQA晚收冰白葡萄酒果酒甜冰红葡萄酒双支送礼礼盒结婚伴手礼 【白色礼盒】冰白双支","	","POP10029546650207	","残品","200","可用","0","0","EBU4418054743372","杭州舍岭网络科技有限公司","件","","【白色礼盒】冰白双支","","",""
"278","深圳商超B牛奶水饮仓1号库","110021519","EMG4418212367632","加拿大Pillitteri冰酒庄园原装进口VQA晚收冰白葡萄酒果酒甜冰红葡萄酒双支送礼礼盒结婚伴手礼 【白色礼盒】冰白双支","	","POP10029546650207	","良品","100","仓库锁定","0","0","EBU4418054743372","杭州舍岭网络科技有限公司","件","","【白色礼盒】冰白双支","","",""
"279","深圳商超B米面粮油仓1号库","110021511","EMG4418212367632","加拿大Pillitteri冰酒庄园原装进口VQA晚收冰白葡萄酒果酒甜冰红葡萄酒双支送礼礼盒结婚伴手礼 【白色礼盒】冰白双支","	","POP10029546650207	","良品","100","可用","7","7","EBU4418054743372","杭州舍岭网络科技有限公司","件","","【白色礼盒】冰白双支","","",""
"280","武汉商超B牛奶水饮仓1号库","110005995","EMG4418212367632","加拿大Pillitteri冰酒庄园原装进口VQA晚收冰白葡萄酒果酒甜冰红葡萄酒双支送礼礼盒结婚伴手礼 【白色礼盒】冰白双支","	","POP10029546650207	","良品","100","可用","30","30","EBU4418054743372","杭州舍岭网络科技有限公司","件","","【白色礼盒】冰白双支","","",""
"281","北京公共平台仓12号库","118067172","EMG4418212367632","加拿大Pillitteri冰酒庄园原装进口VQA晚收冰白葡萄酒果酒甜冰红葡萄酒双支送礼礼盒结婚伴手礼 【白色礼盒】冰白双支","	","POP10029546650207	","良品","100","可用","26","26","EBU4418054743372","杭州舍岭网络科技有限公司","件","","【白色礼盒】冰白双支","","",""
"282","杭州亚一公共平台仓1号库","110016902","EMG4418212367632","加拿大Pillitteri冰酒庄园原装进口VQA晚收冰白葡萄酒果酒甜冰红葡萄酒双支送礼礼盒结婚伴手礼 【白色礼盒】冰白双支","	","POP10029546650207	","良品","100","可用","32","32","EBU4418054743372","杭州舍岭网络科技有限公司","件","","【白色礼盒】冰白双支","","",""
"283","武汉商超B牛奶水饮仓1号库","110005995","EMG4418210935881","加拿大Pillitteri冰酒庄园原装进口VQA晚收冰白葡萄酒果酒甜冰红葡萄酒双支送礼礼盒结婚伴手礼 【自饮套餐】冰白冰红ICEWINE","	","POP10033490244399	","良品","100","可用","0","0","EBU4418054743372","杭州舍岭网络科技有限公司","件","","【自饮套餐】冰白冰红ICEWINE","","",""
"284","北京百货B家居日用仓2号库","110021826","EMG4418210935881","加拿大Pillitteri冰酒庄园原装进口VQA晚收冰白葡萄酒果酒甜冰红葡萄酒双支送礼礼盒结婚伴手礼 【自饮套餐】冰白冰红ICEWINE","	","POP10033490244399	","良品","100","可用","0","0","EBU4418054743372","杭州舍岭网络科技有限公司","件","","【自饮套餐】冰白冰红ICEWINE","","",""
"285","沈阳商超B牛奶水饮仓2号库","110008173","EMG4418210935881","加拿大Pillitteri冰酒庄园原装进口VQA晚收冰白葡萄酒果酒甜冰红葡萄酒双支送礼礼盒结婚伴手礼 【自饮套餐】冰白冰红ICEWINE","	","POP10033490244399	","良品","100","可用","0","0","EBU4418054743372","杭州舍岭网络科技有限公司","件","","【自饮套餐】冰白冰红ICEWINE","","",""
"286","西安商超B仓1号库","110009210","EMG4418210935881","加拿大Pillitteri冰酒庄园原装进口VQA晚收冰白葡萄酒果酒甜冰红葡萄酒双支送礼礼盒结婚伴手礼 【自饮套餐】冰白冰红ICEWINE","	","POP10033490244399	","良品","100","可用","0","0","EBU4418054743372","杭州舍岭网络科技有限公司","件","","【自饮套餐】冰白冰红ICEWINE","","",""
"287","深圳商超B米面粮油仓1号库","110021511","EMG4418210935881","加拿大Pillitteri冰酒庄园原装进口VQA晚收冰白葡萄酒果酒甜冰红葡萄酒双支送礼礼盒结婚伴手礼 【自饮套餐】冰白冰红ICEWINE","	","POP10033490244399	","良品","100","可用","0","0","EBU4418054743372","杭州舍岭网络科技有限公司","件","","【自饮套餐】冰白冰红ICEWINE","","",""
"288","北京公共平台仓12号库","118067172","EMG4418210935881","加拿大Pillitteri冰酒庄园原装进口VQA晚收冰白葡萄酒果酒甜冰红葡萄酒双支送礼礼盒结婚伴手礼 【自饮套餐】冰白冰红ICEWINE","	","POP10033490244399	","良品","100","可用","0","0","EBU4418054743372","杭州舍岭网络科技有限公司","件","","【自饮套餐】冰白冰红ICEWINE","","",""
"289","杭州亚一公共平台仓1号库","110016902","EMG4418210935881","加拿大Pillitteri冰酒庄园原装进口VQA晚收冰白葡萄酒果酒甜冰红葡萄酒双支送礼礼盒结婚伴手礼 【自饮套餐】冰白冰红ICEWINE","	","POP10033490244399	","良品","100","可用","0","0","EBU4418054743372","杭州舍岭网络科技有限公司","件","","【自饮套餐】冰白冰红ICEWINE","","",""
"290","成都亚一公共平台仓7号库","110021846","EMG4418210935881","加拿大Pillitteri冰酒庄园原装进口VQA晚收冰白葡萄酒果酒甜冰红葡萄酒双支送礼礼盒结婚伴手礼 【自饮套餐】冰白冰红ICEWINE","	","POP10033490244399	","良品","100","可用","0","0","EBU4418054743372","杭州舍岭网络科技有限公司","件","","【自饮套餐】冰白冰红ICEWINE","","",""
"291","西安商超B仓1号库","110009210","EMG4418210447469","加拿大Pillitteri冰酒庄园原装进口VQA晚收冰白葡萄酒果酒甜冰红葡萄酒双支送礼礼盒结婚伴手礼 【自饮套餐】冰白冰红","	","POP10029546650206	","良品","100","仓库锁定","0","0","EBU4418054743372","杭州舍岭网络科技有限公司","件","","【自饮套餐】冰白冰红","","",""
"292","武汉商超B牛奶水饮仓1号库","110005995","EMG4418210447469","加拿大Pillitteri冰酒庄园原装进口VQA晚收冰白葡萄酒果酒甜冰红葡萄酒双支送礼礼盒结婚伴手礼 【自饮套餐】冰白冰红","	","POP10029546650206	","残品","200","可用","1","1","EBU4418054743372","杭州舍岭网络科技有限公司","件","","【自饮套餐】冰白冰红","","",""
"293","成都亚一公共平台仓7号库","110021846","EMG4418210447469","加拿大Pillitteri冰酒庄园原装进口VQA晚收冰白葡萄酒果酒甜冰红葡萄酒双支送礼礼盒结婚伴手礼 【自饮套餐】冰白冰红","	","POP10029546650206	","良品","100","仓库锁定","0","0","EBU4418054743372","杭州舍岭网络科技有限公司","件","","【自饮套餐】冰白冰红","","",""
"294","杭州亚一公共平台仓3号库","110022102","EMG4418210447469","加拿大Pillitteri冰酒庄园原装进口VQA晚收冰白葡萄酒果酒甜冰红葡萄酒双支送礼礼盒结婚伴手礼 【自饮套餐】冰白冰红","	","POP10029546650206	","良品","100","可用","0","0","EBU4418054743372","杭州舍岭网络科技有限公司","件","","【自饮套餐】冰白冰红","","",""
"295","深圳商超B牛奶水饮仓1号库","110021519","EMG4418210447469","加拿大Pillitteri冰酒庄园原装进口VQA晚收冰白葡萄酒果酒甜冰红葡萄酒双支送礼礼盒结婚伴手礼 【自饮套餐】冰白冰红","	","POP10029546650206	","良品","100","可用","0","0","EBU4418054743372","杭州舍岭网络科技有限公司","件","","【自饮套餐】冰白冰红","","",""
"296","杭州亚一公共平台仓1号库","110016902","EMG4418210447469","加拿大Pillitteri冰酒庄园原装进口VQA晚收冰白葡萄酒果酒甜冰红葡萄酒双支送礼礼盒结婚伴手礼 【自饮套餐】冰白冰红","	","POP10029546650206	","良品","100","可用","15","15","EBU4418054743372","杭州舍岭网络科技有限公司","件","","【自饮套餐】冰白冰红","","",""
"297","沈阳商超B牛奶水饮仓2号库","110008173","EMG4418210447469","加拿大Pillitteri冰酒庄园原装进口VQA晚收冰白葡萄酒果酒甜冰红葡萄酒双支送礼礼盒结婚伴手礼 【自饮套餐】冰白冰红","	","POP10029546650206	","良品","100","可用","27","27","EBU4418054743372","杭州舍岭网络科技有限公司","件","","【自饮套餐】冰白冰红","","",""
"298","成都亚一公共平台仓7号库","110021846","EMG4418210447469","加拿大Pillitteri冰酒庄园原装进口VQA晚收冰白葡萄酒果酒甜冰红葡萄酒双支送礼礼盒结婚伴手礼 【自饮套餐】冰白冰红","	","POP10029546650206	","良品","100","可用","14","14","EBU4418054743372","杭州舍岭网络科技有限公司","件","","【自饮套餐】冰白冰红","","",""
"299","北京百货B家居日用仓2号库","110021826","EMG4418210447469","加拿大Pillitteri冰酒庄园原装进口VQA晚收冰白葡萄酒果酒甜冰红葡萄酒双支送礼礼盒结婚伴手礼 【自饮套餐】冰白冰红","	","POP10029546650206	","良品","100","可用","0","0","EBU4418054743372","杭州舍岭网络科技有限公司","件","","【自饮套餐】冰白冰红","","",""
"300","深圳商超B米面粮油仓1号库","110021511","EMG4418210447469","加拿大Pillitteri冰酒庄园原装进口VQA晚收冰白葡萄酒果酒甜冰红葡萄酒双支送礼礼盒结婚伴手礼 【自饮套餐】冰白冰红","	","POP10029546650206	","良品","100","可用","0","0","EBU4418054743372","杭州舍岭网络科技有限公司","件","","【自饮套餐】冰白冰红","","",""
"301","沈阳商超B牛奶水饮仓2号库","110008173","EMG4418210447469","加拿大Pillitteri冰酒庄园原装进口VQA晚收冰白葡萄酒果酒甜冰红葡萄酒双支送礼礼盒结婚伴手礼 【自饮套餐】冰白冰红","	","POP10029546650206	","残品","200","可用","0","0","EBU4418054743372","杭州舍岭网络科技有限公司","件","","【自饮套餐】冰白冰红","","",""
"302","深圳综合KA仓2号库","118065678","EMG4418210447469","加拿大Pillitteri冰酒庄园原装进口VQA晚收冰白葡萄酒果酒甜冰红葡萄酒双支送礼礼盒结婚伴手礼 【自饮套餐】冰白冰红","	","POP10029546650206	","良品","100","可用","31","31","EBU4418054743372","杭州舍岭网络科技有限公司","件","","【自饮套餐】冰白冰红","","",""
"303","西安商超B仓1号库","110009210","EMG4418210447469","加拿大Pillitteri冰酒庄园原装进口VQA晚收冰白葡萄酒果酒甜冰红葡萄酒双支送礼礼盒结婚伴手礼 【自饮套餐】冰白冰红","	","POP10029546650206	","良品","100","可用","28","28","EBU4418054743372","杭州舍岭网络科技有限公司","件","","【自饮套餐】冰白冰红","","",""
"304","北京公共平台仓12号库","118067172","EMG4418210447469","加拿大Pillitteri冰酒庄园原装进口VQA晚收冰白葡萄酒果酒甜冰红葡萄酒双支送礼礼盒结婚伴手礼 【自饮套餐】冰白冰红","	","POP10029546650206	","良品","100","可用","21","21","EBU4418054743372","杭州舍岭网络科技有限公司","件","","【自饮套餐】冰白冰红","","",""
"305","武汉商超B牛奶水饮仓1号库","110005995","EMG4418210447469","加拿大Pillitteri冰酒庄园原装进口VQA晚收冰白葡萄酒果酒甜冰红葡萄酒双支送礼礼盒结婚伴手礼 【自饮套餐】冰白冰红","	","POP10029546650206	","良品","100","可用","15","15","EBU4418054743372","杭州舍岭网络科技有限公司","件","","【自饮套餐】冰白冰红","","",""
"306","武汉商超B牛奶水饮仓1号库","110005995","EMG4418208889030","加拿大Pillitteri冰酒庄园原装进口VQA晚收冰白葡萄酒果酒甜冰红葡萄酒双支送礼礼盒结婚伴手礼 【白色礼盒】冰白冰红","	","POP10026520039906	","良品","100","仓库锁定","0","0","EBU4418054743372","杭州舍岭网络科技有限公司","件","","【白色礼盒】冰白冰红","","",""
"307","杭州亚一公共平台仓1号库","110016902","EMG4418208889030","加拿大Pillitteri冰酒庄园原装进口VQA晚收冰白葡萄酒果酒甜冰红葡萄酒双支送礼礼盒结婚伴手礼 【白色礼盒】冰白冰红","	","POP10026520039906	","良品","100","可用","26","26","EBU4418054743372","杭州舍岭网络科技有限公司","件","","【白色礼盒】冰白冰红","","",""
"308","北京公共平台仓12号库","118067172","EMG4418208889030","加拿大Pillitteri冰酒庄园原装进口VQA晚收冰白葡萄酒果酒甜冰红葡萄酒双支送礼礼盒结婚伴手礼 【白色礼盒】冰白冰红","	","POP10026520039906	","良品","100","可用","18","18","EBU4418054743372","杭州舍岭网络科技有限公司","件","","【白色礼盒】冰白冰红","","",""
"309","沈阳商超B牛奶水饮仓2号库","110008173","EMG4418208889030","加拿大Pillitteri冰酒庄园原装进口VQA晚收冰白葡萄酒果酒甜冰红葡萄酒双支送礼礼盒结婚伴手礼 【白色礼盒】冰白冰红","	","POP10026520039906	","残品","200","可用","0","0","EBU4418054743372","杭州舍岭网络科技有限公司","件","","【白色礼盒】冰白冰红","","",""
"310","西安商超B仓1号库","110009210","EMG4418208889030","加拿大Pillitteri冰酒庄园原装进口VQA晚收冰白葡萄酒果酒甜冰红葡萄酒双支送礼礼盒结婚伴手礼 【白色礼盒】冰白冰红","	","POP10026520039906	","良品","100","可用","30","30","EBU4418054743372","杭州舍岭网络科技有限公司","件","","【白色礼盒】冰白冰红","","",""
"311","成都亚一公共平台仓7号库","110021846","EMG4418208889030","加拿大Pillitteri冰酒庄园原装进口VQA晚收冰白葡萄酒果酒甜冰红葡萄酒双支送礼礼盒结婚伴手礼 【白色礼盒】冰白冰红","	","POP10026520039906	","良品","100","可用","18","18","EBU4418054743372","杭州舍岭网络科技有限公司","件","","【白色礼盒】冰白冰红","","",""
"312","深圳商超B牛奶水饮仓1号库","110021519","EMG4418208889030","加拿大Pillitteri冰酒庄园原装进口VQA晚收冰白葡萄酒果酒甜冰红葡萄酒双支送礼礼盒结婚伴手礼 【白色礼盒】冰白冰红","	","POP10026520039906	","良品","100","可用","0","0","EBU4418054743372","杭州舍岭网络科技有限公司","件","","【白色礼盒】冰白冰红","","",""
"313","深圳综合KA仓2号库","118065678","EMG4418208889030","加拿大Pillitteri冰酒庄园原装进口VQA晚收冰白葡萄酒果酒甜冰红葡萄酒双支送礼礼盒结婚伴手礼 【白色礼盒】冰白冰红","	","POP10026520039906	","良品","100","可用","41","41","EBU4418054743372","杭州舍岭网络科技有限公司","件","","【白色礼盒】冰白冰红","","",""
"314","北京百货B家居日用仓2号库","110021826","EMG4418208889030","加拿大Pillitteri冰酒庄园原装进口VQA晚收冰白葡萄酒果酒甜冰红葡萄酒双支送礼礼盒结婚伴手礼 【白色礼盒】冰白冰红","	","POP10026520039906	","良品","100","可用","0","0","EBU4418054743372","杭州舍岭网络科技有限公司","件","","【白色礼盒】冰白冰红","","",""
"315","深圳商超B米面粮油仓1号库","110021511","EMG4418208889030","加拿大Pillitteri冰酒庄园原装进口VQA晚收冰白葡萄酒果酒甜冰红葡萄酒双支送礼礼盒结婚伴手礼 【白色礼盒】冰白冰红","	","POP10026520039906	","良品","100","可用","0","0","EBU4418054743372","杭州舍岭网络科技有限公司","件","","【白色礼盒】冰白冰红","","",""
"316","武汉商超B牛奶水饮仓1号库","110005995","EMG4418208889030","加拿大Pillitteri冰酒庄园原装进口VQA晚收冰白葡萄酒果酒甜冰红葡萄酒双支送礼礼盒结婚伴手礼 【白色礼盒】冰白冰红","	","POP10026520039906	","良品","100","可用","21","21","EBU4418054743372","杭州舍岭网络科技有限公司","件","","【白色礼盒】冰白冰红","","",""
"317","沈阳商超B牛奶水饮仓2号库","110008173","EMG4418208889030","加拿大Pillitteri冰酒庄园原装进口VQA晚收冰白葡萄酒果酒甜冰红葡萄酒双支送礼礼盒结婚伴手礼 【白色礼盒】冰白冰红","	","POP10026520039906	","良品","100","可用","34","34","EBU4418054743372","杭州舍岭网络科技有限公司","件","","【白色礼盒】冰白冰红","","",""
"318","杭州亚一公共平台仓1号库","110016902","EMG4418152092014","加拿大Pillitteri冰酒庄园原装进口VQA晚收冰白葡萄酒果酒甜冰红葡萄酒双支送礼礼盒结婚伴手礼 冰白双支自饮装","	","POP10026520039904	","良品","100","仓库锁定","0","0","EBU4418054743372","杭州舍岭网络科技有限公司","件","","冰白双支自饮装","","",""
"319","北京公共平台仓12号库","118067172","EMG4418152092014","加拿大Pillitteri冰酒庄园原装进口VQA晚收冰白葡萄酒果酒甜冰红葡萄酒双支送礼礼盒结婚伴手礼 冰白双支自饮装","	","POP10026520039904	","脏品","400","可用","0","0","EBU4418054743372","杭州舍岭网络科技有限公司","件","","冰白双支自饮装","","",""
"320","成都亚一公共平台仓7号库","110021846","EMG4418152092014","加拿大Pillitteri冰酒庄园原装进口VQA晚收冰白葡萄酒果酒甜冰红葡萄酒双支送礼礼盒结婚伴手礼 冰白双支自饮装","	","POP10026520039904	","良品","100","可用","20","20","EBU4418054743372","杭州舍岭网络科技有限公司","件","","冰白双支自饮装","","",""
"321","西安商超B仓1号库","110009210","EMG4418152092014","加拿大Pillitteri冰酒庄园原装进口VQA晚收冰白葡萄酒果酒甜冰红葡萄酒双支送礼礼盒结婚伴手礼 冰白双支自饮装","	","POP10026520039904	","良品","100","可用","22","22","EBU4418054743372","杭州舍岭网络科技有限公司","件","","冰白双支自饮装","","",""
"322","杭州亚一公共平台仓1号库","110016902","EMG4418152092014","加拿大Pillitteri冰酒庄园原装进口VQA晚收冰白葡萄酒果酒甜冰红葡萄酒双支送礼礼盒结婚伴手礼 冰白双支自饮装","	","POP10026520039904	","良品","100","可用","35","35","EBU4418054743372","杭州舍岭网络科技有限公司","件","","冰白双支自饮装","","",""
"323","深圳综合KA仓2号库","118065678","EMG4418152092014","加拿大Pillitteri冰酒庄园原装进口VQA晚收冰白葡萄酒果酒甜冰红葡萄酒双支送礼礼盒结婚伴手礼 冰白双支自饮装","	","POP10026520039904	","良品","100","可用","26","26","EBU4418054743372","杭州舍岭网络科技有限公司","件","","冰白双支自饮装","","",""
"324","北京公共平台仓12号库","118067172","EMG4418152092014","加拿大Pillitteri冰酒庄园原装进口VQA晚收冰白葡萄酒果酒甜冰红葡萄酒双支送礼礼盒结婚伴手礼 冰白双支自饮装","	","POP10026520039904	","良品","100","可用","21","21","EBU4418054743372","杭州舍岭网络科技有限公司","件","","冰白双支自饮装","","",""
"325","北京百货B家居日用仓2号库","110021826","EMG4418152092014","加拿大Pillitteri冰酒庄园原装进口VQA晚收冰白葡萄酒果酒甜冰红葡萄酒双支送礼礼盒结婚伴手礼 冰白双支自饮装","	","POP10026520039904	","良品","100","可用","0","0","EBU4418054743372","杭州舍岭网络科技有限公司","件","","冰白双支自饮装","","",""
"326","成都亚一公共平台仓7号库","110021846","EMG4418152092014","加拿大Pillitteri冰酒庄园原装进口VQA晚收冰白葡萄酒果酒甜冰红葡萄酒双支送礼礼盒结婚伴手礼 冰白双支自饮装","	","POP10026520039904	","残品","200","可用","0","0","EBU4418054743372","杭州舍岭网络科技有限公司","件","","冰白双支自饮装","","",""
"327","杭州亚一公共平台仓3号库","110022102","EMG4418152092014","加拿大Pillitteri冰酒庄园原装进口VQA晚收冰白葡萄酒果酒甜冰红葡萄酒双支送礼礼盒结婚伴手礼 冰白双支自饮装","	","POP10026520039904	","良品","100","可用","0","0","EBU4418054743372","杭州舍岭网络科技有限公司","件","","冰白双支自饮装","","",""
"328","沈阳商超B牛奶水饮仓2号库","110008173","EMG4418152092014","加拿大Pillitteri冰酒庄园原装进口VQA晚收冰白葡萄酒果酒甜冰红葡萄酒双支送礼礼盒结婚伴手礼 冰白双支自饮装","	","POP10026520039904	","良品","100","可用","24","24","EBU4418054743372","杭州舍岭网络科技有限公司","件","","冰白双支自饮装","","",""
"329","北京公共平台仓12号库","118067172","EMG4418152092014","加拿大Pillitteri冰酒庄园原装进口VQA晚收冰白葡萄酒果酒甜冰红葡萄酒双支送礼礼盒结婚伴手礼 冰白双支自饮装","	","POP10026520039904	","残品","200","可用","1","1","EBU4418054743372","杭州舍岭网络科技有限公司","件","","冰白双支自饮装","","",""
"330","武汉商超B牛奶水饮仓1号库","110005995","EMG4418152092014","加拿大Pillitteri冰酒庄园原装进口VQA晚收冰白葡萄酒果酒甜冰红葡萄酒双支送礼礼盒结婚伴手礼 冰白双支自饮装","	","POP10026520039904	","良品","100","可用","19","19","EBU4418054743372","杭州舍岭网络科技有限公司","件","","冰白双支自饮装","","",""
"331","深圳商超B米面粮油仓1号库","110021511","EMG4418152092014","加拿大Pillitteri冰酒庄园原装进口VQA晚收冰白葡萄酒果酒甜冰红葡萄酒双支送礼礼盒结婚伴手礼 冰白双支自饮装","	","POP10026520039904	","良品","100","可用","0","0","EBU4418054743372","杭州舍岭网络科技有限公司","件","","冰白双支自饮装","","",""
"332","深圳商超B牛奶水饮仓1号库","110021519","EMG4418152092014","加拿大Pillitteri冰酒庄园原装进口VQA晚收冰白葡萄酒果酒甜冰红葡萄酒双支送礼礼盒结婚伴手礼 冰白双支自饮装","	","POP10026520039904	","良品","100","可用","0","0","EBU4418054743372","杭州舍岭网络科技有限公司","件","","冰白双支自饮装","","",""
"333","北京公共平台仓12号库","118067172","EMG4418150650348","加拿大Pillitteri冰酒庄园原装进口VQA晚收冰白葡萄酒果酒甜冰红葡萄酒双支送礼礼盒结婚伴手礼 冰白双支礼盒装","	","POP10026520039901	","良品","100","可用","0","0","EBU4418054743372","杭州舍岭网络科技有限公司","件","","冰白双支礼盒装","","",""
"334","深圳商超B米面粮油仓1号库","110021511","EMG4418150650348","加拿大Pillitteri冰酒庄园原装进口VQA晚收冰白葡萄酒果酒甜冰红葡萄酒双支送礼礼盒结婚伴手礼 冰白双支礼盒装","	","POP10026520039901	","待鉴定","6","可用","0","0","EBU4418054743372","杭州舍岭网络科技有限公司","件","","冰白双支礼盒装","","",""
"335","深圳商超B米面粮油仓1号库","110021511","EMG4418150650348","加拿大Pillitteri冰酒庄园原装进口VQA晚收冰白葡萄酒果酒甜冰红葡萄酒双支送礼礼盒结婚伴手礼 冰白双支礼盒装","	","POP10026520039901	","良品","100","可用","0","0","EBU4418054743372","杭州舍岭网络科技有限公司","件","","冰白双支礼盒装","","",""
"336","杭州亚一公共平台仓1号库","110016902","EMG4418150650348","加拿大Pillitteri冰酒庄园原装进口VQA晚收冰白葡萄酒果酒甜冰红葡萄酒双支送礼礼盒结婚伴手礼 冰白双支礼盒装","	","POP10026520039901	","良品","100","可用","0","0","EBU4418054743372","杭州舍岭网络科技有限公司","件","","冰白双支礼盒装","","",""
"337","西安商超B仓1号库","110009210","EMG4418150650348","加拿大Pillitteri冰酒庄园原装进口VQA晚收冰白葡萄酒果酒甜冰红葡萄酒双支送礼礼盒结婚伴手礼 冰白双支礼盒装","	","POP10026520039901	","良品","100","可用","0","0","EBU4418054743372","杭州舍岭网络科技有限公司","件","","冰白双支礼盒装","","",""
"338","深圳商超B牛奶水饮仓1号库","110021519","EMG4418150650348","加拿大Pillitteri冰酒庄园原装进口VQA晚收冰白葡萄酒果酒甜冰红葡萄酒双支送礼礼盒结婚伴手礼 冰白双支礼盒装","	","POP10026520039901	","良品","100","可用","0","0","EBU4418054743372","杭州舍岭网络科技有限公司","件","","冰白双支礼盒装","","",""
"339","深圳综合KA仓2号库","118065678","EMG4418150650348","加拿大Pillitteri冰酒庄园原装进口VQA晚收冰白葡萄酒果酒甜冰红葡萄酒双支送礼礼盒结婚伴手礼 冰白双支礼盒装","	","POP10026520039901	","良品","100","可用","1","1","EBU4418054743372","杭州舍岭网络科技有限公司","件","","冰白双支礼盒装","","",""
"340","北京百货B家居日用仓2号库","110021826","EMG4418150650348","加拿大Pillitteri冰酒庄园原装进口VQA晚收冰白葡萄酒果酒甜冰红葡萄酒双支送礼礼盒结婚伴手礼 冰白双支礼盒装","	","POP10026520039901	","良品","100","可用","0","0","EBU4418054743372","杭州舍岭网络科技有限公司","件","","冰白双支礼盒装","","",""
"341","武汉商超B牛奶水饮仓1号库","110005995","EMG4418150650348","加拿大Pillitteri冰酒庄园原装进口VQA晚收冰白葡萄酒果酒甜冰红葡萄酒双支送礼礼盒结婚伴手礼 冰白双支礼盒装","	","POP10026520039901	","良品","100","可用","0","0","EBU4418054743372","杭州舍岭网络科技有限公司","件","","冰白双支礼盒装","","",""
"342","沈阳商超B牛奶水饮仓2号库","110008173","EMG4418150650348","加拿大Pillitteri冰酒庄园原装进口VQA晚收冰白葡萄酒果酒甜冰红葡萄酒双支送礼礼盒结婚伴手礼 冰白双支礼盒装","	","POP10026520039901	","良品","100","可用","0","0","EBU4418054743372","杭州舍岭网络科技有限公司","件","","冰白双支礼盒装","","",""
"343","深圳商超B米面粮油仓1号库","110021511","EMG4418150650348","加拿大Pillitteri冰酒庄园原装进口VQA晚收冰白葡萄酒果酒甜冰红葡萄酒双支送礼礼盒结婚伴手礼 冰白双支礼盒装","	","POP10026520039901	","残品","200","可用","0","0","EBU4418054743372","杭州舍岭网络科技有限公司","件","","冰白双支礼盒装","","",""
"344","成都亚一公共平台仓7号库","110021846","EMG4418150650348","加拿大Pillitteri冰酒庄园原装进口VQA晚收冰白葡萄酒果酒甜冰红葡萄酒双支送礼礼盒结婚伴手礼 冰白双支礼盒装","	","POP10026520039901	","良品","100","可用","0","0","EBU4418054743372","杭州舍岭网络科技有限公司","件","","冰白双支礼盒装","","",""
